Family Code,County,Cars,Computer Owned,Internet Status,Transport,Start Time,Travel Time
1,Carlow,1,computer_yes,internet_broadband,travel_bicycle,leave_0700,time_30
2,Carlow,3,computer_yes,internet_other,travel_car,leave_0800,time_15
3,Carlow,0,computer_yes,internet_broadband,travel_bicycle,leave_0830,time_90
4,Carlow,1,computer_yes,internet_broadband,travel_foot,leave_0700,time_30
5,Carlow,1,computer_yes,internet_broadband,travel_train,leave_0800,time_60
6,Carlow,3,computer_yes,internet_other,travel_foot,leave_0800,time_30
7,Carlow,1,computer_yes,internet_broadband,travel_car,leave_after_0930,time_60
8,Carlow,1,computer_yes,internet_no,travel_car,leave_n/a,time_15
9,Carlow,3,computer_no,internet_broadband,travel_bus,leave_0630,time_90
10,Carlow,2,computer_yes,internet_other,travel_foot,leave_n/a,time_15
11,Carlow,0,computer_yes,internet_broadband,travel_bus,leave_0700,time_15
12,Carlow,1,computer_yes,internet_no,travel_lift,leave_0900,time_60
13,Carlow,2,computer_yes,internet_broadband,travel_van,leave_0900,time_30
14,Carlow,1,computer_yes,internet_broadband,travel_foot,leave_0630,time_30
15,Carlow,2,computer_yes,internet_no,travel_car,leave_0830,time_90
16,Carlow,0,computer_yes,internet_broadband,travel_other,leave_0700,time_15
17,Carlow,1,computer_yes,internet_broadband,travel_lift,leave_0830,time_15
18,Carlow,3,computer_yes,internet_broadband,travel_car,leave_0730,time_90
19,Carlow,1,computer_yes,internet_broadband,travel_car,leave_n/a,time_15
20,Carlow,0,computer_yes,internet_broadband,travel_car,leave_0730,time_30
21,Carlow,1,computer_no,internet_broadband,travel_car,leave_0800,time_15
22,Carlow,2,computer_yes,internet_broadband,travel_car,leave_0930,time_15
23,Carlow,2,computer_yes,internet_no,travel_foot,leave_0630,time_30
24,Carlow,1,computer_yes,internet_other,travel_car,leave_0800,time_15
25,Carlow,1,computer_yes,internet_broadband,travel_bus,leave_0700,time_45
26,Carlow,2,computer_yes,internet_other,travel_other,leave_0830,time_15
27,Carlow,1,computer_yes,internet_broadband,travel_bicycle,leave_0930,time_30
28,Carlow,1,computer_no,internet_broadband,travel_van,leave_0830,time_30
29,Carlow,1,computer_no,internet_other,travel_train,leave_0900,time_45
30,Carlow,1,computer_yes,internet_no,travel_bus,leave_after_0930,time_15
31,Carlow,3,computer_yes,internet_broadband,travel_foot,leave_0900,time_45
32,Carlow,1,computer_no,internet_broadband,travel_car,leave_after_0930,time_30
33,Carlow,4,computer_yes,internet_broadband,travel_car,leave_0900,time_30
34,Carlow,1,computer_yes,internet_broadband,travel_foot,leave_0800,time_45
35,Carlow,0,computer_no,internet_no,travel_foot,leave_after_0930,time_15
36,Carlow,2,computer_no,internet_broadband,travel_motorcycle,leave_0800,time_15
37,Carlow,2,computer_yes,internet_no,travel_foot,leave_0730,time_60
38,Carlow,3,computer_yes,internet_broadband,travel_van,leave_0630,time_15
39,Carlow,2,computer_yes,internet_n/a,travel_van,leave_0830,time_45
40,Carlow,2,computer_yes,internet_broadband,travel_car,leave_0830,time_15
41,Carlow,1,computer_yes,internet_broadband,travel_foot,leave_0800,time_30
42,Carlow,1,computer_no,internet_broadband,travel_train,leave_0900,time_30
43,Carlow,2,computer_no,internet_broadband,travel_other,leave_0630,time_n/a
44,Carlow,1,computer_yes,internet_no,travel_foot,leave_after_0930,time_90
45,Carlow,0,computer_no,internet_no,travel_car,leave_0900,time_30
46,Carlow,1,computer_yes,internet_no,travel_bus,leave_0730,time_15
47,Carlow,1,computer_yes,internet_broadband,travel_foot,leave_0730,time_15
48,Carlow,2,computer_yes,internet_broadband,travel_train,leave_0800,time_45
49,Carlow,4,computer_no,internet_no,travel_lift,leave_0900,time_30
50,Carlow,2,computer_yes,internet_broadband,travel_lift,leave_after_0930,time_15
51,Carlow,2,computer_yes,internet_broadband,travel_lift,leave_0630,time_n/a
52,Carlow,2,computer_no,internet_other,travel_other,leave_0900,time_15
53,Carlow,2,computer_yes,internet_broadband,travel_bus,leave_0900,time_15
54,Carlow,1,computer_no,internet_broadband,travel_motorcycle,leave_0900,time_15
55,Carlow,2,computer_yes,internet_broadband,travel_foot,leave_0900,time_15
56,Carlow,1,computer_yes,internet_broadband,travel_foot,leave_0830,time_15
57,Carlow,2,computer_yes,internet_no,travel_foot,leave_0630,time_45
58,Carlow,1,computer_yes,internet_broadband,travel_car,leave_0700,time_n/a
59,Carlow,2,computer_yes,internet_no,travel_car,leave_0700,time_15
60,Carlow,2,computer_yes,internet_broadband,travel_lift,leave_0800,time_n/a
61,Carlow,0,computer_no,internet_broadband,travel_car,leave_0700,time_15
62,Carlow,0,computer_no,internet_broadband,travel_foot,leave_0630,time_15
63,Carlow,1,computer_yes,internet_no,travel_bus,leave_0900,time_30
64,Carlow,2,computer_no,internet_broadband,travel_foot,leave_n/a,time_15
65,Carlow,1,computer_yes,internet_broadband,travel_car,leave_0830,time_60
66,Carlow,2,computer_no,internet_no,travel_other,leave_0700,time_15
67,Carlow,1,computer_yes,internet_broadband,travel_car,leave_0700,time_n/a
68,Carlow,1,computer_yes,internet_no,travel_foot,leave_0830,time_30
69,Carlow,1,computer_yes,internet_broadband,travel_car,leave_0900,time_30
70,Carlow,2,computer_yes,internet_n/a,travel_car,leave_0800,time_30
71,Carlow,2,computer_no,internet_broadband,travel_lift,leave_after_0930,time_15
72,Carlow,2,computer_yes,internet_no,travel_bus,leave_0930,time_30
73,Carlow,2,computer_yes,internet_broadband,travel_bus,leave_0900,time_30
74,Carlow,1,computer_yes,internet_no,travel_car,leave_0830,time_15
75,Carlow,2,computer_yes,internet_broadband,travel_car,leave_0900,time_30
76,Carlow,1,computer_yes,internet_broadband,travel_other,leave_after_0930,time_15
77,Carlow,3,computer_no,internet_broadband,travel_foot,leave_0630,time_30
78,Carlow,1,computer_n/a,internet_broadband,travel_car,leave_0800,time_45
79,Carlow,2,computer_yes,internet_broadband,travel_car,leave_0800,time_30
80,Carlow,1,computer_yes,internet_broadband,travel_car,leave_0930,time_30
81,Carlow,2,computer_no,internet_broadband,travel_lift,leave_0800,time_30
82,Carlow,0,computer_yes,internet_no,travel_lift,leave_0800,time_45
83,Carlow,2,computer_yes,internet_no,travel_car,leave_0630,time_30
84,Carlow,0,computer_yes,internet_broadband,travel_foot,leave_0730,time_45
85,Carlow,1,computer_yes,internet_no,travel_car,leave_after_0930,time_30
86,Carlow,4,computer_yes,internet_broadband,travel_foot,leave_0730,time_n/a
87,Carlow,3,computer_yes,internet_broadband,travel_car,leave_0630,time_15
88,Dublin,3,computer_yes,internet_broadband,travel_lift,leave_0830,time_45
89,Dublin,0,computer_yes,internet_broadband,travel_van,leave_0830,time_45
90,Dublin,2,computer_yes,internet_broadband,travel_foot,leave_0700,time_30
91,Dublin,3,computer_yes,internet_broadband,travel_foot,leave_0830,time_30
92,Dublin,1,computer_yes,internet_broadband,travel_foot,leave_0930,time_30
93,Dublin,2,computer_yes,internet_broadband,travel_foot,leave_0900,time_30
94,Dublin,1,computer_yes,internet_broadband,travel_foot,leave_0800,time_15
95,Dublin,2,computer_yes,internet_no,travel_bus,leave_0800,time_30
96,Dublin,2,computer_yes,internet_broadband,travel_foot,leave_0800,time_n/a
97,Dublin,0,computer_yes,internet_broadband,travel_foot,leave_0900,time_45
98,Dublin,0,computer_no,internet_broadband,travel_foot,leave_0730,time_15
99,Dublin,1,computer_yes,internet_broadband,travel_lift,leave_0630,time_30
100,Dublin,1,computer_yes,internet_broadband,travel_bus,leave_after_0930,time_45
101,Dublin,0,computer_no,internet_broadband,travel_car,leave_0830,time_45
102,Dublin,1,computer_yes,internet_broadband,travel_foot,leave_0630,time_90
103,Dublin,2,computer_no,internet_broadband,travel_foot,leave_0700,time_30
104,Dublin,1,computer_yes,internet_no,travel_foot,leave_0900,time_45
105,Dublin,0,computer_no,internet_broadband,travel_car,leave_0800,time_30
106,Dublin,2,computer_no,internet_broadband,travel_foot,leave_0830,time_15
107,Dublin,2,computer_yes,internet_broadband,travel_lift,leave_0800,time_15
108,Dublin,0,computer_yes,internet_broadband,travel_train,leave_0630,time_60
109,Dublin,3,computer_yes,internet_no,travel_foot,leave_0900,time_30
110,Dublin,1,computer_yes,internet_no,travel_lift,leave_0700,time_90
111,Dublin,2,computer_yes,internet_other,travel_other,leave_after_0930,time_15
112,Dublin,1,computer_no,internet_broadband,travel_other,leave_0830,time_30
113,Dublin,0,computer_no,internet_broadband,travel_train,leave_0900,time_30
114,Dublin,2,computer_yes,internet_broadband,travel_foot,leave_0830,time_15
115,Dublin,1,computer_yes,internet_broadband,travel_train,leave_0900,time_30
116,Dublin,1,computer_yes,internet_broadband,travel_bus,leave_0830,time_45
117,Dublin,1,computer_yes,internet_broadband,travel_train,leave_after_0930,time_90
118,Dublin,3,computer_no,internet_broadband,travel_other,leave_0830,time_30
119,Dublin,0,computer_no,internet_n/a,travel_bicycle,leave_after_0930,time_30
120,Dublin,2,computer_yes,internet_no,travel_lift,leave_0830,time_15
121,Dublin,1,computer_yes,internet_broadband,travel_car,leave_0800,time_30
122,Dublin,1,computer_yes,internet_broadband,travel_bicycle,leave_0700,time_15
123,Dublin,1,computer_yes,internet_broadband,travel_car,leave_0700,time_30
124,Dublin,2,computer_yes,internet_broadband,travel_foot,leave_0900,time_45
125,Dublin,1,computer_yes,internet_broadband,travel_car,leave_0900,time_60
126,Dublin,2,computer_yes,internet_broadband,travel_van,leave_n/a,time_60
127,Dublin,2,computer_no,internet_broadband,travel_train,leave_0800,time_45
128,Dublin,1,computer_yes,internet_broadband,travel_foot,leave_after_0930,time_15
129,Dublin,1,computer_yes,internet_no,travel_foot,leave_0900,time_15
130,Dublin,0,computer_yes,internet_broadband,travel_bus,leave_0800,time_45
131,Dublin,1,computer_yes,internet_no,travel_foot,leave_0730,time_15
132,Dublin,2,computer_yes,internet_broadband,travel_van,leave_0900,time_15
133,Dublin,1,computer_yes,internet_broadband,travel_car,leave_0830,time_90
134,Dublin,0,computer_yes,internet_other,travel_train,leave_0830,time_45
135,Dublin,1,computer_yes,internet_broadband,travel_car,leave_0830,time_30
136,Dublin,2,computer_no,internet_no,travel_car,leave_0830,time_15
137,Dublin,2,computer_yes,internet_no,travel_foot,leave_0800,time_90
138,Dublin,1,computer_yes,internet_broadband,travel_car,leave_0830,time_30
139,Dublin,2,computer_no,internet_broadband,travel_car,leave_0830,time_45
140,Dublin,1,computer_yes,internet_broadband,travel_foot,leave_after_0930,time_15
141,Dublin,0,computer_yes,internet_broadband,travel_other,leave_0930,time_45
142,Dublin,0,computer_yes,internet_no,travel_lift,leave_0930,time_30
143,Dublin,1,computer_no,internet_n/a,travel_car,leave_0900,time_30
144,Dublin,1,computer_yes,internet_broadband,travel_car,leave_0630,time_45
145,Dublin,1,computer_yes,internet_broadband,travel_foot,leave_0900,time_15
146,Dublin,2,computer_yes,internet_broadband,travel_foot,leave_0800,time_30
147,Dublin,1,computer_yes,internet_broadband,travel_bicycle,leave_0800,time_30
148,Dublin,2,computer_yes,internet_broadband,travel_train,leave_after_0930,time_30
149,Dublin,1,computer_yes,internet_broadband,travel_car,leave_0900,time_30
150,Dublin,1,computer_no,internet_broadband,travel_car,leave_0830,time_15
151,Dublin,1,computer_no,internet_broadband,travel_foot,leave_0830,time_15
152,Dublin,2,computer_yes,internet_broadband,travel_bus,leave_0900,time_90
153,Dublin,1,computer_yes,internet_no,travel_bus,leave_n/a,time_45
154,Dublin,0,computer_no,internet_broadband,travel_car,leave_0930,time_15
155,Dublin,2,computer_no,internet_broadband,travel_car,leave_0630,time_30
156,Dublin,1,computer_yes,internet_broadband,travel_car,leave_0930,time_45
157,Dublin,2,computer_yes,internet_other,travel_car,leave_0930,time_60
158,Dublin,2,computer_yes,internet_no,travel_car,leave_0700,time_30
159,Dublin,2,computer_n/a,internet_broadband,travel_foot,leave_0730,time_15
160,Dublin,2,computer_yes,internet_broadband,travel_motorcycle,leave_0830,time_30
161,Dublin,1,computer_no,internet_broadband,travel_car,leave_0900,time_60
162,Dublin,0,computer_yes,internet_broadband,travel_other,leave_0630,time_15
163,Dublin,2,computer_no,internet_other,travel_van,leave_0930,time_45
164,Dublin,1,computer_no,internet_broadband,travel_car,leave_0900,time_30
165,Dublin,2,computer_no,internet_other,travel_foot,leave_0700,time_30
166,Dublin,2,computer_yes,internet_no,travel_car,leave_n/a,time_15
167,Dublin,0,computer_yes,internet_broadband,travel_car,leave_0930,time_30
168,Dublin,0,computer_yes,internet_broadband,travel_bicycle,leave_0900,time_45
169,Dublin,3,computer_yes,internet_other,travel_bus,leave_0730,time_90
170,Dublin,2,computer_no,internet_other,travel_lift,leave_0830,time_15
171,Dublin,1,computer_yes,internet_no,travel_foot,leave_0900,time_45
172,Dublin,1,computer_yes,internet_no,travel_bus,leave_0800,time_45
173,Dublin,1,computer_yes,internet_broadband,travel_bus,leave_0930,time_15
174,Dublin,1,computer_yes,internet_broadband,travel_lift,leave_0800,time_60
175,Dublin,1,computer_yes,internet_broadband,travel_lift,leave_0800,time_60
176,Dublin,0,computer_yes,internet_broadband,travel_bus,leave_0800,time_15
177,Dublin,2,computer_no,internet_broadband,travel_car,leave_0830,time_45
178,Dublin,1,computer_yes,internet_broadband,travel_car,leave_n/a,time_60
179,Dublin,1,computer_yes,internet_broadband,travel_foot,leave_0730,time_45
180,Dublin,1,computer_yes,internet_no,travel_lift,leave_0900,time_60
181,Dublin,2,computer_yes,internet_broadband,travel_lift,leave_0800,time_45
182,Dublin,0,computer_yes,internet_broadband,travel_foot,leave_0900,time_60
183,Dublin,1,computer_yes,internet_broadband,travel_lift,leave_0900,time_15
184,Dublin,2,computer_yes,internet_broadband,travel_car,leave_0730,time_45
185,Dublin,1,computer_yes,internet_no,travel_car,leave_0900,time_30
186,Dublin,1,computer_yes,internet_broadband,travel_lift,leave_after_0930,time_15
187,Dublin,0,computer_no,internet_no,travel_car,leave_after_0930,time_15
188,Dublin,1,computer_yes,internet_other,travel_car,leave_0930,time_15
189,Dublin,2,computer_yes,internet_broadband,travel_other,leave_0900,time_45
190,Dublin,1,computer_no,internet_broadband,travel_bus,leave_0900,time_15
191,Dublin,2,computer_yes,internet_no,travel_bus,leave_0630,time_30
192,Dublin,0,computer_yes,internet_broadband,travel_car,leave_0830,time_45
193,Dublin,2,computer_no,internet_no,travel_lift,leave_0700,time_n/a
194,Dublin,1,computer_n/a,internet_broadband,travel_car,leave_0830,time_15
195,Dublin,3,computer_yes,internet_broadband,travel_lift,leave_0730,time_90
196,Dublin,3,computer_yes,internet_other,travel_car,leave_n/a,time_30
197,Dublin,2,computer_yes,internet_broadband,travel_foot,leave_0830,time_15
198,Dublin,1,computer_yes,internet_other,travel_car,leave_0900,time_15
199,Dublin,1,computer_yes,internet_no,travel_other,leave_after_0930,time_90
200,Dublin,0,computer_yes,internet_broadband,travel_foot,leave_0800,time_30
201,Dublin,1,computer_yes,internet_broadband,travel_car,leave_after_0930,time_30
202,Dublin,0,computer_no,internet_no,travel_van,leave_0730,time_60
203,Dublin,1,computer_yes,internet_broadband,travel_train,leave_0730,time_15
204,Dublin,1,computer_yes,internet_other,travel_other,leave_0900,time_45
205,Dublin,2,computer_no,internet_broadband,travel_car,leave_0830,time_45
206,Dublin,2,computer_no,internet_broadband,travel_train,leave_0730,time_15
207,Dublin,1,computer_yes,internet_broadband,travel_lift,leave_0800,time_15
208,Dublin,2,computer_yes,internet_broadband,travel_car,leave_n/a,time_30
209,Dublin,0,computer_yes,internet_broadband,travel_car,leave_0700,time_30
210,Dublin,1,computer_yes,internet_broadband,travel_car,leave_0700,time_45
211,Dublin,1,computer_n/a,internet_broadband,travel_train,leave_0830,time_15
212,Dublin,0,computer_no,internet_broadband,travel_bus,leave_0800,time_15
213,Dublin,1,computer_yes,internet_no,travel_foot,leave_0800,time_30
214,Dublin,1,computer_yes,internet_broadband,travel_other,leave_0930,time_90
215,Dublin,0,computer_yes,internet_broadband,travel_lift,leave_0930,time_n/a
216,Dublin,1,computer_no,internet_broadband,travel_lift,leave_0900,time_60
217,Dublin,2,computer_no,internet_no,travel_car,leave_0930,time_45
218,Dublin,1,computer_yes,internet_no,travel_lift,leave_0800,time_60
219,Dublin,2,computer_yes,internet_broadband,travel_foot,leave_after_0930,time_15
220,Dublin,1,computer_no,internet_broadband,travel_lift,leave_0830,time_90
221,Dublin,1,computer_yes,internet_no,travel_car,leave_0830,time_n/a
222,Dublin,4,computer_yes,internet_broadband,travel_car,leave_0800,time_15
223,Dublin,2,computer_no,internet_broadband,travel_foot,leave_0830,time_90
224,Dublin,2,computer_yes,internet_broadband,travel_bicycle,leave_0900,time_15
225,Dublin,1,computer_yes,internet_broadband,travel_car,leave_0700,time_15
226,Dublin,3,computer_yes,internet_broadband,travel_foot,leave_0800,time_45
227,Dublin,1,computer_yes,internet_no,travel_bus,leave_n/a,time_30
228,Dublin,0,computer_yes,internet_broadband,travel_bus,leave_0930,time_n/a
229,Dublin,2,computer_yes,internet_broadband,travel_car,leave_0800,time_15
230,Dublin,1,computer_no,internet_broadband,travel_car,leave_0700,time_30
231,Dublin,0,computer_yes,internet_broadband,travel_car,leave_0800,time_15
232,Dublin,2,computer_yes,internet_broadband,travel_car,leave_0630,time_30
233,Dublin,2,computer_no,internet_broadband,travel_foot,leave_0900,time_90
234,Dublin,0,computer_yes,internet_broadband,travel_car,leave_0830,time_n/a
235,Dublin,1,computer_yes,internet_no,travel_bicycle,leave_0900,time_45
236,Dublin,1,computer_no,internet_no,travel_van,leave_0630,time_45
237,Dublin,0,computer_no,internet_broadband,travel_foot,leave_0830,time_15
238,Dublin,1,computer_yes,internet_broadband,travel_bus,leave_0800,time_30
239,Dublin,2,computer_no,internet_broadband,travel_car,leave_after_0930,time_15
240,Dublin,1,computer_no,internet_broadband,travel_other,leave_0900,time_n/a
241,Dublin,1,computer_yes,internet_n/a,travel_car,leave_n/a,time_n/a
242,Dublin,1,computer_yes,internet_other,travel_car,leave_0830,time_15
243,Dublin,2,computer_no,internet_no,travel_car,leave_0630,time_30
244,Dublin,2,computer_no,internet_broadband,travel_car,leave_0800,time_45
245,Dublin,1,computer_yes,internet_broadband,travel_car,leave_0800,time_15
246,Dublin,2,computer_yes,internet_other,travel_car,leave_0830,time_90
247,Dublin,2,computer_yes,internet_broadband,travel_car,leave_0630,time_60
248,Dublin,1,computer_yes,internet_broadband,travel_foot,leave_0900,time_30
249,Dublin,2,computer_yes,internet_no,travel_foot,leave_0700,time_60
250,Dublin,1,computer_yes,internet_broadband,travel_car,leave_0800,time_45
251,Dublin,1,computer_yes,internet_broadband,travel_car,leave_0700,time_30
252,Dublin,1,computer_yes,internet_broadband,travel_bus,leave_0830,time_15
253,Dublin,0,computer_yes,internet_broadband,travel_car,leave_0700,time_30
254,Dublin,3,computer_yes,internet_broadband,travel_van,leave_0800,time_15
255,Dublin,0,computer_no,internet_broadband,travel_lift,leave_0800,time_90+
256,Dublin,2,computer_yes,internet_n/a,travel_car,leave_0900,time_15
257,Dublin,3,computer_yes,internet_other,travel_lift,leave_0730,time_90
258,Dublin,0,computer_yes,internet_broadband,travel_car,leave_n/a,time_15
259,Dublin,1,computer_yes,internet_other,travel_lift,leave_0900,time_15
260,Dublin,0,computer_yes,internet_no,travel_lift,leave_0900,time_30
261,Dublin,1,computer_yes,internet_broadband,travel_car,leave_0930,time_15
262,Dublin,2,computer_yes,internet_broadband,travel_car,leave_0930,time_90
263,Dublin,2,computer_no,internet_broadband,travel_foot,leave_0730,time_90
264,Dublin,0,computer_yes,internet_broadband,travel_train,leave_0830,time_30
265,Dublin,2,computer_yes,internet_no,travel_bus,leave_after_0930,time_30
266,Dublin,1,computer_yes,internet_broadband,travel_bus,leave_0730,time_30
267,Dublin,1,computer_no,internet_no,travel_train,leave_0830,time_15
268,Dublin,1,computer_yes,internet_broadband,travel_van,leave_0930,time_15
269,Dublin,1,computer_yes,internet_broadband,travel_foot,leave_0830,time_15
270,Dublin,2,computer_yes,internet_broadband,travel_other,leave_0900,time_90
271,Dublin,1,computer_yes,internet_broadband,travel_lift,leave_0930,time_15
272,Dublin,2,computer_yes,internet_no,travel_foot,leave_0900,time_45
273,Dublin,1,computer_yes,internet_broadband,travel_foot,leave_0730,time_30
274,Dublin,1,computer_yes,internet_no,travel_foot,leave_0630,time_90
275,Dublin,2,computer_no,internet_no,travel_bus,leave_0800,time_30
276,Dublin,3,computer_yes,internet_broadband,travel_car,leave_0800,time_15
277,Dublin,1,computer_yes,internet_broadband,travel_lift,leave_0630,time_n/a
278,Dublin,0,computer_yes,internet_broadband,travel_bicycle,leave_n/a,time_30
279,Dublin,2,computer_yes,internet_broadband,travel_car,leave_0830,time_15
280,Dublin,2,computer_no,internet_broadband,travel_foot,leave_0900,time_30
281,Dublin,3,computer_yes,internet_other,travel_bus,leave_0800,time_15
282,Dublin,1,computer_no,internet_no,travel_car,leave_n/a,time_30
283,Dublin,1,computer_no,internet_broadband,travel_bus,leave_0900,time_45
284,Dublin,2,computer_yes,internet_broadband,travel_car,leave_after_0930,time_30
285,Dublin,0,computer_n/a,internet_broadband,travel_other,leave_0730,time_60
286,Dublin,1,computer_yes,internet_no,travel_foot,leave_n/a,time_90+
287,Dublin,1,computer_yes,internet_broadband,travel_car,leave_0730,time_30
288,Dublin,1,computer_no,internet_broadband,travel_foot,leave_0800,time_30
289,Dublin,0,computer_yes,internet_no,travel_car,leave_0830,time_30
290,Dublin,1,computer_n/a,internet_broadband,travel_lift,leave_0800,time_30
291,Dublin,1,computer_yes,internet_broadband,travel_bus,leave_n/a,time_90
292,Dublin,1,computer_yes,internet_broadband,travel_lift,leave_0900,time_n/a
293,Dublin,1,computer_yes,internet_broadband,travel_car,leave_0900,time_45
294,Dublin,2,computer_yes,internet_no,travel_car,leave_0830,time_90+
295,Dublin,0,computer_yes,internet_broadband,travel_car,leave_0930,time_90
296,Dublin,1,computer_yes,internet_no,travel_car,leave_0830,time_15
297,Dublin,0,computer_yes,internet_broadband,travel_car,leave_0900,time_30
298,Dublin,2,computer_no,internet_broadband,travel_car,leave_0800,time_45
299,Dublin,0,computer_no,internet_broadband,travel_car,leave_0800,time_15
300,Dublin,2,computer_no,internet_broadband,travel_van,leave_0930,time_90
301,Dublin,3,computer_yes,internet_broadband,travel_bicycle,leave_0830,time_30
302,Dublin,2,computer_yes,internet_broadband,travel_car,leave_0830,time_15
303,Dublin,2,computer_yes,internet_broadband,travel_car,leave_0800,time_45
304,Dublin,0,computer_yes,internet_broadband,travel_car,leave_0730,time_30
305,Dublin,2,computer_yes,internet_broadband,travel_foot,leave_0900,time_60
306,Dublin,2,computer_yes,internet_broadband,travel_foot,leave_0730,time_60
307,Dublin,0,computer_yes,internet_broadband,travel_foot,leave_0630,time_30
308,Dublin,0,computer_no,internet_broadband,travel_van,leave_0930,time_30
309,Dublin,1,computer_yes,internet_broadband,travel_lift,leave_0800,time_15
310,Dublin,0,computer_yes,internet_broadband,travel_foot,leave_0830,time_90
311,Dublin,0,computer_yes,internet_broadband,travel_lift,leave_0730,time_30
312,Dublin,2,computer_no,internet_broadband,travel_bicycle,leave_0800,time_15
313,Dublin,0,computer_yes,internet_broadband,travel_car,leave_0900,time_30
314,Dublin,1,computer_yes,internet_broadband,travel_car,leave_0900,time_15
315,Dublin,1,computer_yes,internet_broadband,travel_bus,leave_0700,time_30
316,Dublin,0,computer_no,internet_broadband,travel_lift,leave_0900,time_30
317,Dublin,2,computer_yes,internet_other,travel_train,leave_0700,time_30
318,Dublin,2,computer_yes,internet_broadband,travel_foot,leave_0700,time_15
319,Dublin,1,computer_yes,internet_other,travel_car,leave_0930,time_15
320,Dublin,1,computer_no,internet_broadband,travel_bus,leave_0730,time_45
321,Dublin,1,computer_yes,internet_no,travel_other,leave_0800,time_15
322,Dublin,1,computer_yes,internet_broadband,travel_lift,leave_0900,time_15
323,Dublin,1,computer_no,internet_no,travel_car,leave_0800,time_60
324,Dublin,0,computer_yes,internet_broadband,travel_car,leave_after_0930,time_15
325,Dublin,1,computer_yes,internet_broadband,travel_other,leave_0800,time_15
326,Dublin,0,computer_yes,internet_broadband,travel_foot,leave_0900,time_30
327,Dublin,2,computer_yes,internet_no,travel_car,leave_0700,time_30
328,Dublin,0,computer_yes,internet_broadband,travel_lift,leave_0700,time_45
329,Dublin,0,computer_yes,internet_broadband,travel_lift,leave_0900,time_30
330,Dublin,1,computer_no,internet_no,travel_bus,leave_0930,time_30
331,Dublin,3,computer_yes,internet_broadband,travel_other,leave_0830,time_n/a
332,Dublin,2,computer_yes,internet_broadband,travel_motorcycle,leave_0800,time_45
333,Dublin,1,computer_no,internet_broadband,travel_foot,leave_0900,time_30
334,Dublin,2,computer_yes,internet_broadband,travel_lift,leave_0900,time_45
335,Dublin,1,computer_yes,internet_broadband,travel_car,leave_0700,time_90
336,Dublin,1,computer_yes,internet_broadband,travel_car,leave_0800,time_30
337,Dublin,1,computer_no,internet_broadband,travel_car,leave_0930,time_90
338,Dublin,2,computer_yes,internet_broadband,travel_bus,leave_after_0930,time_45
339,Dublin,2,computer_yes,internet_broadband,travel_van,leave_0700,time_15
340,Dublin,1,computer_yes,internet_broadband,travel_car,leave_n/a,time_n/a
341,Dublin,2,computer_yes,internet_n/a,travel_foot,leave_0730,time_30
342,Dublin,1,computer_yes,internet_no,travel_car,leave_after_0930,time_15
343,Dublin,1,computer_yes,internet_broadband,travel_foot,leave_0900,time_15
344,Dublin,0,computer_yes,internet_broadband,travel_car,leave_after_0930,time_15
345,Dublin,1,computer_yes,internet_no,travel_van,leave_0830,time_n/a
346,Dublin,2,computer_yes,internet_no,travel_bus,leave_0900,time_30
347,Dublin,0,computer_yes,internet_broadband,travel_car,leave_0930,time_30
348,Dublin,1,computer_yes,internet_broadband,travel_car,leave_0900,time_n/a
349,Dublin,1,computer_no,internet_broadband,travel_car,leave_0900,time_30
350,Dublin,2,computer_yes,internet_broadband,travel_car,leave_0800,time_15
351,Dublin,2,computer_no,internet_no,travel_bus,leave_0830,time_45
352,Dublin,0,computer_yes,internet_no,travel_car,leave_0800,time_15
353,Dublin,2,computer_no,internet_broadband,travel_foot,leave_0700,time_45
354,Dublin,1,computer_yes,internet_no,travel_bus,leave_0900,time_90
355,Dublin,1,computer_no,internet_other,travel_bus,leave_0830,time_15
356,Dublin,2,computer_yes,internet_other,travel_car,leave_0730,time_15
357,Dublin,0,computer_yes,internet_broadband,travel_car,leave_0800,time_30
358,Dublin,1,computer_no,internet_broadband,travel_bus,leave_0900,time_n/a
359,Dublin,2,computer_yes,internet_broadband,travel_van,leave_n/a,time_90+
360,Dublin,0,computer_no,internet_broadband,travel_car,leave_0700,time_15
361,Dublin,2,computer_yes,internet_broadband,travel_car,leave_0800,time_15
362,Dublin,3,computer_yes,internet_no,travel_car,leave_0900,time_45
363,Dublin,2,computer_no,internet_broadband,travel_van,leave_0730,time_30
364,Dublin,2,computer_yes,internet_no,travel_bicycle,leave_0930,time_90
365,Dublin,2,computer_yes,internet_broadband,travel_lift,leave_0630,time_n/a
366,Dublin,1,computer_yes,internet_no,travel_bus,leave_0830,time_45
367,Dublin,1,computer_yes,internet_no,travel_lift,leave_0900,time_90
368,Dublin,2,computer_yes,internet_broadband,travel_bicycle,leave_0830,time_30
369,Dublin,2,computer_no,internet_broadband,travel_car,leave_0630,time_45
370,Dublin,1,computer_yes,internet_broadband,travel_car,leave_0630,time_30
371,Dublin,2,computer_yes,internet_broadband,travel_car,leave_after_0930,time_15
372,Dublin,1,computer_yes,internet_broadband,travel_bicycle,leave_0900,time_45
373,Dublin,0,computer_yes,internet_broadband,travel_foot,leave_0800,time_30
374,Dublin,2,computer_yes,internet_no,travel_foot,leave_0730,time_15
375,Dublin,1,computer_yes,internet_no,travel_bicycle,leave_0700,time_30
376,Dublin,0,computer_no,internet_broadband,travel_car,leave_0800,time_15
377,Dublin,0,computer_no,internet_broadband,travel_car,leave_0830,time_n/a
378,Dublin,1,computer_no,internet_broadband,travel_lift,leave_0900,time_30
379,Dublin,1,computer_yes,internet_no,travel_bus,leave_0900,time_45
380,Dublin,0,computer_yes,internet_broadband,travel_car,leave_0900,time_15
381,Dublin,1,computer_yes,internet_broadband,travel_bicycle,leave_0900,time_45
382,Dublin,0,computer_no,internet_broadband,travel_van,leave_0830,time_15
383,Dublin,0,computer_yes,internet_broadband,travel_car,leave_0830,time_15
384,Dublin,1,computer_yes,internet_other,travel_bus,leave_0800,time_30
385,Dublin,2,computer_yes,internet_no,travel_car,leave_0830,time_30
386,Dublin,2,computer_no,internet_broadband,travel_car,leave_0900,time_90
387,Dublin,0,computer_yes,internet_broadband,travel_foot,leave_0800,time_15
388,Dublin,2,computer_yes,internet_no,travel_other,leave_0800,time_45
389,Dublin,2,computer_no,internet_broadband,travel_car,leave_0630,time_45
390,Dublin,1,computer_yes,internet_no,travel_car,leave_0830,time_15
391,Dublin,1,computer_yes,internet_broadband,travel_lift,leave_0800,time_30
392,Dublin,2,computer_yes,internet_other,travel_car,leave_0830,time_n/a
393,Dublin,0,computer_yes,internet_no,travel_foot,leave_0900,time_15
394,Dublin,0,computer_yes,internet_no,travel_bus,leave_0800,time_30
395,Dublin,1,computer_yes,internet_broadband,travel_car,leave_0830,time_15
396,Dublin,1,computer_yes,internet_other,travel_bus,leave_0900,time_30
397,Dublin,1,computer_yes,internet_broadband,travel_bus,leave_0830,time_30
398,Dublin,1,computer_yes,internet_broadband,travel_car,leave_0830,time_15
399,Dublin,2,computer_yes,internet_broadband,travel_lift,leave_0630,time_15
400,Dublin,2,computer_yes,internet_other,travel_car,leave_after_0930,time_45
401,Dublin,1,computer_no,internet_broadband,travel_bus,leave_0800,time_45
402,Dublin,2,computer_yes,internet_n/a,travel_car,leave_0900,time_45
403,Dublin,1,computer_yes,internet_broadband,travel_car,leave_0930,time_30
404,Dublin,2,computer_yes,internet_broadband,travel_foot,leave_0800,time_30
405,Dublin,3,computer_yes,internet_broadband,travel_lift,leave_0900,time_n/a
406,Dublin,2,computer_yes,internet_other,travel_car,leave_0900,time_15
407,Dublin,1,computer_yes,internet_broadband,travel_foot,leave_0730,time_15
408,Dublin,0,computer_n/a,internet_other,travel_bus,leave_0630,time_15
409,Dublin,1,computer_no,internet_no,travel_bus,leave_0900,time_30
410,Dublin,2,computer_yes,internet_no,travel_bus,leave_0900,time_30
411,Dublin,1,computer_yes,internet_broadband,travel_car,leave_0630,time_15
412,Dublin,2,computer_no,internet_broadband,travel_lift,leave_0900,time_45
413,Dublin,1,computer_yes,internet_broadband,travel_foot,leave_0800,time_30
414,Dublin,0,computer_yes,internet_broadband,travel_lift,leave_0900,time_30
415,Dublin,3,computer_yes,internet_broadband,travel_other,leave_0900,time_15
416,Dublin,1,computer_no,internet_broadband,travel_foot,leave_after_0930,time_15
417,Dublin,2,computer_yes,internet_broadband,travel_car,leave_0730,time_15
418,Dublin,1,computer_yes,internet_no,travel_car,leave_0900,time_30
419,Dublin,0,computer_no,internet_n/a,travel_car,leave_0930,time_15
420,Dublin,0,computer_yes,internet_no,travel_foot,leave_0800,time_15
421,Dublin,2,computer_no,internet_broadband,travel_bus,leave_0830,time_15
422,Dublin,2,computer_yes,internet_broadband,travel_foot,leave_0830,time_30
423,Dublin,2,computer_yes,internet_broadband,travel_train,leave_after_0930,time_30
424,Dublin,4,computer_yes,internet_no,travel_lift,leave_0800,time_15
425,Dublin,1,computer_yes,internet_broadband,travel_other,leave_0730,time_30
426,Dublin,0,computer_yes,internet_broadband,travel_lift,leave_0800,time_30
427,Dublin,1,computer_yes,internet_broadband,travel_car,leave_0830,time_45
428,Dublin,1,computer_yes,internet_broadband,travel_car,leave_0830,time_45
429,Dublin,0,computer_no,internet_no,travel_foot,leave_0800,time_n/a
430,Dublin,1,computer_no,internet_other,travel_foot,leave_0830,time_90
431,Dublin,3,computer_yes,internet_broadband,travel_foot,leave_0800,time_45
432,Dublin,1,computer_yes,internet_broadband,travel_car,leave_0830,time_30
433,Dublin,1,computer_yes,internet_n/a,travel_train,leave_0630,time_30
434,Dublin,2,computer_yes,internet_broadband,travel_lift,leave_0630,time_45
435,Dublin,1,computer_yes,internet_broadband,travel_lift,leave_0830,time_90
436,Dublin,1,computer_yes,internet_other,travel_car,leave_0900,time_30
437,Dublin,2,computer_yes,internet_no,travel_train,leave_0900,time_60
438,Dublin,2,computer_no,internet_other,travel_foot,leave_0700,time_30
439,Dublin,0,computer_yes,internet_other,travel_car,leave_0830,time_45
440,Dublin,1,computer_yes,internet_broadband,travel_foot,leave_0800,time_90
441,Dublin,1,computer_no,internet_other,travel_foot,leave_0830,time_15
442,Dublin,0,computer_yes,internet_no,travel_foot,leave_0630,time_15
443,Dublin,2,computer_yes,internet_no,travel_van,leave_0830,time_15
444,Dublin,2,computer_no,internet_broadband,travel_car,leave_0900,time_15
445,Dublin,2,computer_yes,internet_broadband,travel_car,leave_0730,time_15
446,Dublin,2,computer_no,internet_broadband,travel_lift,leave_0800,time_n/a
447,Dublin,2,computer_yes,internet_broadband,travel_foot,leave_0630,time_30
448,Dublin,0,computer_yes,internet_broadband,travel_foot,leave_0830,time_30
449,Dublin,0,computer_yes,internet_no,travel_bus,leave_0930,time_45
450,Dublin,0,computer_no,internet_no,travel_bus,leave_0830,time_45
451,Dublin,0,computer_yes,internet_other,travel_car,leave_0800,time_45
452,Dublin,3,computer_yes,internet_no,travel_bicycle,leave_0800,time_15
453,Dublin,2,computer_yes,internet_broadband,travel_foot,leave_n/a,time_15
454,Dublin,0,computer_no,internet_broadband,travel_car,leave_after_0930,time_45
455,Dublin,2,computer_yes,internet_broadband,travel_other,leave_0800,time_15
456,Dublin,1,computer_no,internet_no,travel_bus,leave_0830,time_90
457,Dublin,1,computer_yes,internet_other,travel_car,leave_0900,time_90+
458,Dublin,0,computer_no,internet_broadband,travel_car,leave_after_0930,time_30
459,Dublin,2,computer_yes,internet_broadband,travel_lift,leave_0830,time_30
460,Dublin,1,computer_yes,internet_broadband,travel_train,leave_0700,time_30
461,Dublin,2,computer_yes,internet_broadband,travel_foot,leave_0800,time_30
462,Dublin,2,computer_yes,internet_no,travel_car,leave_0830,time_45
463,Dublin,2,computer_no,internet_broadband,travel_foot,leave_0900,time_30
464,Dublin,0,computer_yes,internet_broadband,travel_foot,leave_0900,time_15
465,Dublin,0,computer_yes,internet_broadband,travel_car,leave_0900,time_45
466,Dublin,1,computer_yes,internet_broadband,travel_van,leave_0900,time_45
467,Dublin,1,computer_yes,internet_other,travel_car,leave_0800,time_90+
468,Dublin,4,computer_yes,internet_broadband,travel_car,leave_after_0930,time_45
469,Dublin,1,computer_yes,internet_broadband,travel_train,leave_0830,time_60
470,Dublin,1,computer_no,internet_no,travel_foot,leave_0900,time_45
471,Dublin,1,computer_yes,internet_no,travel_train,leave_0700,time_15
472,Dublin,0,computer_no,internet_other,travel_bus,leave_0730,time_30
473,Dublin,0,computer_yes,internet_broadband,travel_lift,leave_0830,time_15
474,Dublin,1,computer_yes,internet_broadband,travel_other,leave_0730,time_15
475,Dublin,2,computer_no,internet_broadband,travel_foot,leave_0830,time_n/a
476,Dublin,2,computer_yes,internet_other,travel_car,leave_after_0930,time_30
477,Dublin,2,computer_yes,internet_n/a,travel_car,leave_0830,time_45
478,Dublin,1,computer_yes,internet_other,travel_bicycle,leave_0830,time_15
479,Dublin,0,computer_yes,internet_broadband,travel_other,leave_0900,time_15
480,Dublin,1,computer_yes,internet_no,travel_foot,leave_0730,time_60
481,Dublin,1,computer_yes,internet_broadband,travel_car,leave_0630,time_n/a
482,Dublin,2,computer_yes,internet_broadband,travel_foot,leave_0830,time_30
483,Dublin,0,computer_yes,internet_broadband,travel_car,leave_0900,time_15
484,Dublin,1,computer_yes,internet_no,travel_van,leave_0900,time_45
485,Dublin,4,computer_yes,internet_broadband,travel_foot,leave_0830,time_30
486,Dublin,1,computer_no,internet_broadband,travel_car,leave_0900,time_15
487,Dublin,1,computer_yes,internet_broadband,travel_other,leave_0900,time_45
488,Dublin,0,computer_no,internet_broadband,travel_foot,leave_0830,time_15
489,Dublin,1,computer_yes,internet_broadband,travel_foot,leave_0800,time_30
490,Dublin,1,computer_yes,internet_other,travel_car,leave_0900,time_45
491,Dublin,0,computer_no,internet_broadband,travel_car,leave_0830,time_45
492,Dublin,1,computer_yes,internet_other,travel_lift,leave_0900,time_n/a
493,Dublin,1,computer_yes,internet_broadband,travel_car,leave_0830,time_15
494,Dublin,2,computer_yes,internet_broadband,travel_car,leave_0830,time_60
495,Dublin,2,computer_yes,internet_broadband,travel_lift,leave_0900,time_45
496,Dublin,2,computer_yes,internet_broadband,travel_bus,leave_0800,time_15
497,Dublin,0,computer_yes,internet_broadband,travel_bus,leave_0830,time_30
498,Dublin,2,computer_no,internet_broadband,travel_lift,leave_0900,time_15
499,Dublin,0,computer_yes,internet_broadband,travel_lift,leave_0800,time_45
500,Dublin,2,computer_yes,internet_other,travel_foot,leave_0630,time_30
501,Kildare,2,computer_yes,internet_broadband,travel_train,leave_after_0930,time_60
502,Kildare,4,computer_yes,internet_broadband,travel_train,leave_0830,time_15
503,Kildare,1,computer_yes,internet_no,travel_car,leave_0900,time_15
504,Kildare,1,computer_yes,internet_broadband,travel_foot,leave_0730,time_90
505,Kildare,1,computer_yes,internet_broadband,travel_car,leave_0700,time_30
506,Kildare,1,computer_yes,internet_broadband,travel_bicycle,leave_0800,time_90
507,Kildare,1,computer_yes,internet_no,travel_other,leave_0900,time_90
508,Kildare,1,computer_no,internet_broadband,travel_car,leave_n/a,time_30
509,Kildare,2,computer_yes,internet_broadband,travel_car,leave_0830,time_30
510,Kildare,1,computer_yes,internet_no,travel_foot,leave_0930,time_15
511,Kildare,1,computer_no,internet_no,travel_train,leave_0830,time_30
512,Kildare,2,computer_yes,internet_broadband,travel_lift,leave_0930,time_30
513,Kildare,1,computer_yes,internet_no,travel_foot,leave_0700,time_30
514,Kildare,2,computer_yes,internet_broadband,travel_van,leave_0800,time_30
515,Kildare,1,computer_no,internet_broadband,travel_train,leave_0800,time_15
516,Kildare,2,computer_no,internet_no,travel_car,leave_after_0930,time_15
517,Kildare,1,computer_yes,internet_no,travel_car,leave_0830,time_30
518,Kildare,1,computer_no,internet_no,travel_train,leave_0830,time_45
519,Kildare,1,computer_no,internet_broadband,travel_lift,leave_0900,time_n/a
520,Kildare,2,computer_no,internet_no,travel_train,leave_0730,time_30
521,Kildare,0,computer_no,internet_broadband,travel_lift,leave_0830,time_45
522,Kildare,0,computer_yes,internet_no,travel_foot,leave_0800,time_15
523,Kildare,2,computer_no,internet_broadband,travel_bicycle,leave_0900,time_90+
524,Kildare,0,computer_yes,internet_broadband,travel_bus,leave_0700,time_15
525,Kildare,2,computer_no,internet_broadband,travel_foot,leave_0830,time_45
526,Kildare,1,computer_yes,internet_no,travel_car,leave_0930,time_30
527,Kildare,1,computer_no,internet_broadband,travel_lift,leave_0830,time_90
528,Kildare,1,computer_yes,internet_no,travel_car,leave_0700,time_45
529,Kildare,0,computer_no,internet_broadband,travel_train,leave_0800,time_45
530,Kildare,1,computer_yes,internet_broadband,travel_bus,leave_0630,time_45
531,Kildare,0,computer_n/a,internet_broadband,travel_bicycle,leave_0800,time_45
532,Kildare,2,computer_no,internet_no,travel_car,leave_0630,time_15
533,Kildare,1,computer_n/a,internet_broadband,travel_lift,leave_0630,time_15
534,Kildare,2,computer_yes,internet_broadband,travel_car,leave_0900,time_30
535,Kildare,0,computer_yes,internet_no,travel_car,leave_0800,time_45
536,Kildare,2,computer_yes,internet_broadband,travel_foot,leave_0800,time_30
537,Kildare,0,computer_no,internet_broadband,travel_car,leave_0900,time_45
538,Kildare,0,computer_yes,internet_no,travel_car,leave_after_0930,time_45
539,Kildare,3,computer_yes,internet_broadband,travel_car,leave_0830,time_30
540,Kildare,0,computer_yes,internet_no,travel_lift,leave_0900,time_30
541,Kildare,1,computer_n/a,internet_broadband,travel_car,leave_0800,time_60
542,Kildare,1,computer_yes,internet_broadband,travel_foot,leave_0800,time_45
543,Kildare,1,computer_yes,internet_broadband,travel_foot,leave_0800,time_30
544,Kildare,2,computer_no,internet_no,travel_foot,leave_0830,time_30
545,Kildare,1,computer_no,internet_no,travel_lift,leave_0800,time_45
546,Kildare,1,computer_n/a,internet_other,travel_car,leave_0900,time_15
547,Kildare,1,computer_yes,internet_no,travel_car,leave_0730,time_15
548,Kildare,2,computer_yes,internet_broadband,travel_foot,leave_0900,time_60
549,Kildare,2,computer_yes,internet_n/a,travel_foot,leave_0900,time_45
550,Kildare,2,computer_no,internet_broadband,travel_lift,leave_n/a,time_30
551,Kildare,1,computer_no,internet_broadband,travel_lift,leave_0930,time_15
552,Kildare,2,computer_yes,internet_broadband,travel_van,leave_0900,time_60
553,Kildare,1,computer_yes,internet_broadband,travel_train,leave_0730,time_15
554,Kildare,1,computer_yes,internet_broadband,travel_foot,leave_0630,time_45
555,Kildare,2,computer_n/a,internet_broadband,travel_other,leave_0630,time_45
556,Kildare,1,computer_no,internet_no,travel_bicycle,leave_0830,time_n/a
557,Kildare,1,computer_yes,internet_broadband,travel_train,leave_0630,time_90
558,Kildare,1,computer_yes,internet_broadband,travel_foot,leave_0700,time_60
559,Kildare,2,computer_yes,internet_broadband,travel_bicycle,leave_0730,time_60
560,Kildare,0,computer_yes,internet_broadband,travel_lift,leave_0830,time_n/a
561,Kildare,2,computer_yes,internet_broadband,travel_lift,leave_0830,time_60
562,Kildare,1,computer_yes,internet_no,travel_lift,leave_0800,time_15
563,Kildare,2,computer_yes,internet_broadband,travel_car,leave_0900,time_45
564,Kildare,3,computer_yes,internet_broadband,travel_foot,leave_0900,time_45
565,Kildare,2,computer_yes,internet_no,travel_car,leave_0900,time_45
566,Kildare,2,computer_yes,internet_no,travel_car,leave_0900,time_30
567,Kildare,1,computer_n/a,internet_broadband,travel_foot,leave_0830,time_15
568,Kildare,2,computer_no,internet_other,travel_car,leave_after_0930,time_45
569,Kildare,2,computer_yes,internet_no,travel_other,leave_0730,time_15
570,Kildare,1,computer_no,internet_broadband,travel_car,leave_0800,time_45
571,Kildare,2,computer_no,internet_no,travel_lift,leave_0800,time_30
572,Kildare,1,computer_yes,internet_broadband,travel_other,leave_0830,time_90+
573,Kildare,2,computer_yes,internet_broadband,travel_car,leave_n/a,time_30
574,Kildare,0,computer_yes,internet_n/a,travel_lift,leave_0630,time_15
575,Kildare,0,computer_yes,internet_no,travel_other,leave_0900,time_15
576,Kildare,1,computer_n/a,internet_broadband,travel_bicycle,leave_0900,time_n/a
577,Kildare,4,computer_yes,internet_broadband,travel_car,leave_0900,time_30
578,Kildare,0,computer_no,internet_broadband,travel_car,leave_0900,time_15
579,Kildare,0,computer_yes,internet_broadband,travel_foot,leave_0630,time_60
580,Kildare,2,computer_yes,internet_broadband,travel_van,leave_0800,time_45
581,Kildare,1,computer_no,internet_no,travel_lift,leave_0800,time_15
582,Kildare,4,computer_yes,internet_broadband,travel_lift,leave_0830,time_90
583,Kildare,0,computer_yes,internet_broadband,travel_train,leave_0900,time_15
584,Kildare,0,computer_yes,internet_broadband,travel_train,leave_0900,time_60
585,Kildare,2,computer_yes,internet_broadband,travel_car,leave_n/a,time_45
586,Kildare,2,computer_yes,internet_broadband,travel_foot,leave_after_0930,time_30
587,Kildare,1,computer_yes,internet_broadband,travel_lift,leave_0700,time_15
588,Kildare,1,computer_yes,internet_broadband,travel_lift,leave_0900,time_15
589,Kildare,1,computer_yes,internet_broadband,travel_car,leave_0700,time_30
590,Kildare,3,computer_no,internet_broadband,travel_car,leave_after_0930,time_n/a
591,Kildare,0,computer_yes,internet_broadband,travel_car,leave_0800,time_30
592,Kildare,4,computer_yes,internet_broadband,travel_car,leave_0900,time_90
593,Kildare,1,computer_no,internet_broadband,travel_car,leave_0830,time_15
594,Kildare,2,computer_yes,internet_broadband,travel_other,leave_0900,time_15
595,Kildare,1,computer_yes,internet_other,travel_car,leave_0830,time_30
596,Kildare,1,computer_no,internet_broadband,travel_bus,leave_after_0930,time_15
597,Kildare,2,computer_yes,internet_broadband,travel_foot,leave_0800,time_15
598,Kildare,2,computer_no,internet_broadband,travel_car,leave_0900,time_30
599,Kildare,2,computer_yes,internet_broadband,travel_other,leave_0800,time_n/a
600,Kildare,0,computer_yes,internet_other,travel_foot,leave_0930,time_30
601,Kildare,1,computer_yes,internet_broadband,travel_lift,leave_after_0930,time_15
602,Kildare,1,computer_yes,internet_broadband,travel_car,leave_0730,time_90
603,Kildare,0,computer_yes,internet_no,travel_lift,leave_0700,time_30
604,Kildare,2,computer_yes,internet_no,travel_car,leave_0830,time_45
605,Kildare,2,computer_no,internet_broadband,travel_bus,leave_0700,time_45
606,Kildare,2,computer_yes,internet_broadband,travel_car,leave_0830,time_30
607,Kildare,1,computer_yes,internet_no,travel_car,leave_0930,time_30
608,Kildare,1,computer_no,internet_broadband,travel_bus,leave_after_0930,time_n/a
609,Kildare,0,computer_no,internet_broadband,travel_foot,leave_0830,time_15
610,Kildare,1,computer_yes,internet_no,travel_car,leave_0900,time_15
611,Kildare,1,computer_yes,internet_no,travel_car,leave_0900,time_15
612,Kildare,0,computer_yes,internet_broadband,travel_car,leave_after_0930,time_60
613,Kildare,3,computer_yes,internet_other,travel_lift,leave_0630,time_30
614,Kildare,1,computer_yes,internet_broadband,travel_lift,leave_0630,time_15
615,Kildare,1,computer_yes,internet_other,travel_car,leave_0800,time_15
616,Kildare,1,computer_yes,internet_broadband,travel_van,leave_0830,time_15
617,Kildare,1,computer_yes,internet_no,travel_foot,leave_0900,time_15
618,Kildare,1,computer_yes,internet_no,travel_van,leave_after_0930,time_45
619,Kildare,0,computer_yes,internet_broadband,travel_foot,leave_0930,time_30
620,Kildare,0,computer_yes,internet_broadband,travel_bus,leave_0900,time_15
621,Kildare,1,computer_yes,internet_no,travel_lift,leave_0830,time_n/a
622,Kildare,1,computer_no,internet_no,travel_bus,leave_0900,time_15
623,Kildare,1,computer_yes,internet_broadband,travel_foot,leave_0900,time_15
624,Kildare,2,computer_yes,internet_no,travel_car,leave_0900,time_45
625,Kildare,0,computer_yes,internet_no,travel_van,leave_0900,time_30
626,Kildare,0,computer_yes,internet_no,travel_foot,leave_0900,time_45
627,Kildare,2,computer_yes,internet_no,travel_van,leave_0730,time_60
628,Kildare,1,computer_yes,internet_broadband,travel_foot,leave_0730,time_45
629,Kildare,1,computer_no,internet_broadband,travel_car,leave_0900,time_30
630,Kildare,0,computer_yes,internet_broadband,travel_car,leave_n/a,time_n/a
631,Kildare,3,computer_no,internet_broadband,travel_bus,leave_0800,time_15
632,Kildare,0,computer_yes,internet_broadband,travel_other,leave_0700,time_n/a
633,Kilkenny,2,computer_yes,internet_broadband,travel_car,leave_0830,time_30
634,Kilkenny,2,computer_yes,internet_broadband,travel_car,leave_0800,time_45
635,Kilkenny,1,computer_yes,internet_broadband,travel_car,leave_0730,time_n/a
636,Kilkenny,0,computer_yes,internet_no,travel_lift,leave_0830,time_30
637,Kilkenny,2,computer_yes,internet_broadband,travel_lift,leave_0700,time_45
638,Kilkenny,1,computer_yes,internet_no,travel_motorcycle,leave_after_0930,time_60
639,Kilkenny,1,computer_yes,internet_broadband,travel_car,leave_0830,time_15
640,Kilkenny,0,computer_yes,internet_broadband,travel_car,leave_0800,time_90
641,Kilkenny,0,computer_yes,internet_broadband,travel_car,leave_0900,time_15
642,Kilkenny,0,computer_yes,internet_broadband,travel_other,leave_0830,time_15
643,Kilkenny,1,computer_yes,internet_broadband,travel_car,leave_0900,time_30
644,Kilkenny,2,computer_yes,internet_no,travel_lift,leave_0800,time_15
645,Kilkenny,0,computer_no,internet_no,travel_van,leave_after_0930,time_30
646,Kilkenny,1,computer_yes,internet_broadband,travel_car,leave_0830,time_15
647,Kilkenny,3,computer_yes,internet_n/a,travel_other,leave_0800,time_n/a
648,Kilkenny,3,computer_yes,internet_broadband,travel_lift,leave_0930,time_15
649,Kilkenny,0,computer_yes,internet_no,travel_car,leave_0800,time_90+
650,Kilkenny,2,computer_yes,internet_broadband,travel_car,leave_0800,time_30
651,Kilkenny,3,computer_yes,internet_broadband,travel_car,leave_0830,time_30
652,Kilkenny,1,computer_yes,internet_broadband,travel_other,leave_0800,time_45
653,Kilkenny,1,computer_yes,internet_no,travel_motorcycle,leave_0700,time_45
654,Kilkenny,2,computer_yes,internet_broadband,travel_lift,leave_0930,time_15
655,Kilkenny,1,computer_yes,internet_broadband,travel_train,leave_0830,time_90+
656,Kilkenny,0,computer_yes,internet_no,travel_lift,leave_0900,time_15
657,Kilkenny,2,computer_yes,internet_other,travel_bicycle,leave_0630,time_15
658,Kilkenny,2,computer_no,internet_broadband,travel_car,leave_0930,time_15
659,Kilkenny,2,computer_yes,internet_no,travel_foot,leave_0930,time_30
660,Kilkenny,2,computer_no,internet_broadband,travel_car,leave_0900,time_45
661,Kilkenny,1,computer_yes,internet_broadband,travel_lift,leave_0730,time_30
662,Kilkenny,2,computer_yes,internet_broadband,travel_car,leave_0630,time_15
663,Kilkenny,2,computer_yes,internet_broadband,travel_bus,leave_0730,time_15
664,Kilkenny,1,computer_yes,internet_broadband,travel_foot,leave_0900,time_90
665,Kilkenny,0,computer_yes,internet_broadband,travel_bus,leave_0930,time_45
666,Kilkenny,2,computer_yes,internet_other,travel_foot,leave_0930,time_90
667,Kilkenny,1,computer_yes,internet_broadband,travel_car,leave_0730,time_n/a
668,Kilkenny,1,computer_yes,internet_other,travel_train,leave_0730,time_45
669,Kilkenny,1,computer_no,internet_broadband,travel_train,leave_0900,time_30
670,Kilkenny,1,computer_yes,internet_broadband,travel_other,leave_0830,time_45
671,Kilkenny,0,computer_yes,internet_broadband,travel_foot,leave_0830,time_30
672,Kilkenny,1,computer_no,internet_broadband,travel_car,leave_0830,time_45
673,Kilkenny,2,computer_yes,internet_broadband,travel_van,leave_0800,time_30
674,Kilkenny,1,computer_yes,internet_broadband,travel_car,leave_0900,time_n/a
675,Kilkenny,1,computer_yes,internet_broadband,travel_car,leave_0830,time_30
676,Kilkenny,3,computer_no,internet_broadband,travel_lift,leave_0900,time_30
677,Kilkenny,2,computer_yes,internet_no,travel_other,leave_0700,time_30
678,Kilkenny,1,computer_yes,internet_broadband,travel_lift,leave_0900,time_15
679,Kilkenny,0,computer_yes,internet_other,travel_car,leave_0800,time_60
680,Kilkenny,2,computer_yes,internet_broadband,travel_bus,leave_0830,time_30
681,Kilkenny,2,computer_yes,internet_other,travel_lift,leave_0930,time_45
682,Kilkenny,2,computer_yes,internet_broadband,travel_car,leave_0830,time_60
683,Kilkenny,1,computer_yes,internet_n/a,travel_van,leave_0930,time_n/a
684,Kilkenny,2,computer_no,internet_broadband,travel_bus,leave_0830,time_45
685,Kilkenny,2,computer_yes,internet_broadband,travel_foot,leave_0830,time_60
686,Kilkenny,2,computer_no,internet_broadband,travel_car,leave_0830,time_90
687,Kilkenny,1,computer_no,internet_no,travel_other,leave_0930,time_15
688,Kilkenny,1,computer_yes,internet_no,travel_lift,leave_0830,time_30
689,Kilkenny,1,computer_yes,internet_no,travel_lift,leave_after_0930,time_90+
690,Kilkenny,0,computer_yes,internet_no,travel_foot,leave_0800,time_15
691,Kilkenny,1,computer_no,internet_no,travel_motorcycle,leave_0900,time_30
692,Kilkenny,2,computer_yes,internet_broadband,travel_lift,leave_0800,time_90
693,Kilkenny,1,computer_yes,internet_other,travel_car,leave_after_0930,time_30
694,Kilkenny,2,computer_no,internet_broadband,travel_car,leave_0900,time_15
695,Kilkenny,1,computer_yes,internet_broadband,travel_bus,leave_0830,time_45
696,Kilkenny,1,computer_yes,internet_broadband,travel_foot,leave_0900,time_45
697,Kilkenny,1,computer_yes,internet_no,travel_car,leave_0830,time_45
698,Kilkenny,1,computer_no,internet_broadband,travel_car,leave_0830,time_60
699,Kilkenny,0,computer_yes,internet_broadband,travel_lift,leave_0800,time_15
700,Kilkenny,2,computer_yes,internet_no,travel_foot,leave_0800,time_30
701,Kilkenny,2,computer_yes,internet_broadband,travel_car,leave_0730,time_30
702,Kilkenny,1,computer_yes,internet_no,travel_car,leave_0630,time_15
703,Kilkenny,1,computer_no,internet_broadband,travel_car,leave_0900,time_45
704,Kilkenny,1,computer_yes,internet_no,travel_van,leave_after_0930,time_60
705,Kilkenny,1,computer_yes,internet_broadband,travel_bus,leave_0830,time_15
706,Kilkenny,1,computer_no,internet_broadband,travel_car,leave_0730,time_15
707,Kilkenny,0,computer_no,internet_broadband,travel_foot,leave_0900,time_30
708,Kilkenny,1,computer_yes,internet_no,travel_lift,leave_0900,time_30
709,Kilkenny,1,computer_yes,internet_broadband,travel_train,leave_n/a,time_n/a
710,Laois,3,computer_yes,internet_broadband,travel_car,leave_after_0930,time_n/a
711,Laois,0,computer_no,internet_no,travel_other,leave_0900,time_15
712,Laois,0,computer_yes,internet_broadband,travel_car,leave_0730,time_30
713,Laois,2,computer_yes,internet_broadband,travel_foot,leave_0800,time_45
714,Laois,1,computer_no,internet_broadband,travel_foot,leave_0830,time_15
715,Laois,0,computer_yes,internet_no,travel_car,leave_after_0930,time_45
716,Laois,2,computer_yes,internet_broadband,travel_car,leave_0730,time_15
717,Laois,2,computer_yes,internet_broadband,travel_foot,leave_0900,time_15
718,Laois,4,computer_yes,internet_no,travel_lift,leave_0830,time_45
719,Laois,1,computer_yes,internet_n/a,travel_car,leave_0800,time_15
720,Laois,2,computer_yes,internet_broadband,travel_car,leave_0830,time_30
721,Laois,2,computer_yes,internet_broadband,travel_lift,leave_0900,time_60
722,Laois,1,computer_yes,internet_broadband,travel_other,leave_0900,time_15
723,Laois,2,computer_yes,internet_broadband,travel_car,leave_0900,time_60
724,Laois,2,computer_no,internet_broadband,travel_other,leave_0830,time_45
725,Laois,4,computer_yes,internet_no,travel_van,leave_0900,time_15
726,Laois,1,computer_no,internet_broadband,travel_foot,leave_0900,time_30
727,Laois,0,computer_yes,internet_no,travel_car,leave_0900,time_15
728,Laois,1,computer_no,internet_broadband,travel_foot,leave_n/a,time_15
729,Laois,4,computer_yes,internet_no,travel_lift,leave_0900,time_30
730,Laois,1,computer_yes,internet_no,travel_van,leave_0830,time_15
731,Laois,0,computer_no,internet_broadband,travel_lift,leave_0800,time_30
732,Laois,2,computer_yes,internet_broadband,travel_car,leave_0930,time_30
733,Laois,3,computer_yes,internet_broadband,travel_van,leave_0730,time_45
734,Laois,2,computer_no,internet_broadband,travel_bus,leave_0900,time_15
735,Laois,0,computer_yes,internet_broadband,travel_train,leave_0900,time_60
736,Laois,0,computer_yes,internet_other,travel_lift,leave_0900,time_15
737,Laois,2,computer_yes,internet_broadband,travel_other,leave_0800,time_15
738,Laois,2,computer_yes,internet_broadband,travel_bus,leave_0830,time_15
739,Laois,1,computer_no,internet_broadband,travel_bus,leave_0730,time_30
740,Laois,1,computer_yes,internet_other,travel_car,leave_0830,time_15
741,Laois,2,computer_no,internet_broadband,travel_van,leave_0900,time_45
742,Laois,1,computer_yes,internet_broadband,travel_foot,leave_0700,time_60
743,Laois,2,computer_yes,internet_broadband,travel_car,leave_0900,time_n/a
744,Laois,2,computer_yes,internet_no,travel_van,leave_0800,time_90
745,Laois,0,computer_no,internet_broadband,travel_car,leave_0830,time_30
746,Laois,1,computer_yes,internet_broadband,travel_car,leave_after_0930,time_30
747,Laois,1,computer_no,internet_no,travel_car,leave_0830,time_30
748,Laois,2,computer_yes,internet_no,travel_lift,leave_0800,time_90
749,Laois,2,computer_yes,internet_no,travel_lift,leave_0800,time_45
750,Laois,2,computer_no,internet_broadband,travel_car,leave_0830,time_15
751,Laois,0,computer_no,internet_no,travel_other,leave_0930,time_90+
752,Laois,0,computer_n/a,internet_no,travel_bicycle,leave_0900,time_15
753,Laois,3,computer_yes,internet_broadband,travel_lift,leave_0730,time_30
754,Laois,2,computer_yes,internet_broadband,travel_lift,leave_0900,time_15
755,Laois,2,computer_yes,internet_broadband,travel_bus,leave_0930,time_30
756,Laois,1,computer_yes,internet_broadband,travel_car,leave_0830,time_45
757,Laois,3,computer_yes,internet_broadband,travel_bus,leave_0930,time_60
758,Laois,1,computer_yes,internet_no,travel_car,leave_0900,time_15
759,Laois,2,computer_no,internet_broadband,travel_car,leave_0800,time_30
760,Laois,2,computer_no,internet_broadband,travel_car,leave_0800,time_45
761,Laois,2,computer_no,internet_no,travel_other,leave_n/a,time_15
762,Laois,1,computer_no,internet_broadband,travel_car,leave_0730,time_45
763,Laois,1,computer_no,internet_broadband,travel_foot,leave_0800,time_15
764,Laois,2,computer_no,internet_broadband,travel_car,leave_0630,time_60
765,Laois,0,computer_n/a,internet_broadband,travel_car,leave_0830,time_15
766,Laois,2,computer_yes,internet_broadband,travel_bus,leave_n/a,time_n/a
767,Laois,2,computer_yes,internet_other,travel_lift,leave_0700,time_30
768,Laois,1,computer_yes,internet_broadband,travel_other,leave_0800,time_15
769,Laois,1,computer_yes,internet_broadband,travel_car,leave_after_0930,time_15
770,Laois,1,computer_yes,internet_broadband,travel_car,leave_0730,time_90
771,Laois,2,computer_yes,internet_broadband,travel_car,leave_0800,time_45
772,Laois,3,computer_yes,internet_broadband,travel_foot,leave_0730,time_n/a
773,Laois,2,computer_yes,internet_other,travel_foot,leave_0830,time_30
774,Laois,0,computer_yes,internet_broadband,travel_bus,leave_0900,time_15
775,Laois,2,computer_yes,internet_broadband,travel_lift,leave_0730,time_45
776,Laois,2,computer_yes,internet_broadband,travel_other,leave_0830,time_45
777,Laois,3,computer_yes,internet_broadband,travel_foot,leave_after_0930,time_30
778,Laois,1,computer_yes,internet_other,travel_car,leave_0830,time_45
779,Laois,3,computer_yes,internet_broadband,travel_foot,leave_0830,time_30
780,Laois,1,computer_yes,internet_broadband,travel_car,leave_0830,time_45
781,Laois,1,computer_yes,internet_broadband,travel_foot,leave_n/a,time_30
782,Laois,1,computer_yes,internet_broadband,travel_car,leave_0900,time_30
783,Laois,0,computer_no,internet_broadband,travel_bus,leave_0830,time_45
784,Laois,0,computer_yes,internet_no,travel_van,leave_0800,time_15
785,Laois,2,computer_yes,internet_other,travel_foot,leave_0830,time_15
786,Laois,2,computer_yes,internet_no,travel_car,leave_0900,time_n/a
787,Laois,2,computer_no,internet_no,travel_car,leave_0900,time_30
788,Laois,1,computer_n/a,internet_broadband,travel_bicycle,leave_after_0930,time_15
789,Laois,2,computer_yes,internet_broadband,travel_bicycle,leave_0900,time_15
790,Laois,0,computer_yes,internet_broadband,travel_car,leave_0630,time_15
791,Laois,3,computer_no,internet_no,travel_car,leave_0830,time_15
792,Laois,2,computer_yes,internet_broadband,travel_bus,leave_0900,time_15
793,Laois,1,computer_yes,internet_broadband,travel_lift,leave_0930,time_15
794,Laois,3,computer_yes,internet_broadband,travel_car,leave_n/a,time_30
795,Laois,1,computer_no,internet_broadband,travel_lift,leave_0900,time_90
796,Laois,2,computer_no,internet_no,travel_lift,leave_after_0930,time_45
797,Laois,2,computer_yes,internet_broadband,travel_bus,leave_0630,time_30
798,Laois,2,computer_yes,internet_no,travel_car,leave_0830,time_15
799,Laois,2,computer_yes,internet_broadband,travel_car,leave_0800,time_30
800,Laois,1,computer_yes,internet_no,travel_bus,leave_0830,time_30
801,Longford,1,computer_yes,internet_broadband,travel_bus,leave_0900,time_45
802,Longford,1,computer_yes,internet_broadband,travel_car,leave_0700,time_15
803,Longford,2,computer_yes,internet_broadband,travel_bus,leave_0900,time_90+
804,Longford,2,computer_yes,internet_broadband,travel_car,leave_0900,time_15
805,Longford,2,computer_yes,internet_no,travel_foot,leave_after_0930,time_15
806,Longford,1,computer_no,internet_no,travel_train,leave_0830,time_45
807,Longford,1,computer_no,internet_broadband,travel_foot,leave_after_0930,time_30
808,Longford,2,computer_yes,internet_broadband,travel_train,leave_0700,time_60
809,Longford,2,computer_yes,internet_broadband,travel_lift,leave_0930,time_15
810,Longford,2,computer_no,internet_broadband,travel_foot,leave_0730,time_45
811,Longford,2,computer_yes,internet_no,travel_lift,leave_0830,time_45
812,Longford,2,computer_no,internet_broadband,travel_foot,leave_0800,time_15
813,Longford,1,computer_yes,internet_broadband,travel_car,leave_0900,time_30
814,Longford,2,computer_yes,internet_broadband,travel_train,leave_0830,time_45
815,Longford,1,computer_yes,internet_no,travel_lift,leave_0800,time_15
816,Longford,2,computer_yes,internet_broadband,travel_car,leave_n/a,time_15
817,Longford,2,computer_yes,internet_broadband,travel_lift,leave_0930,time_45
818,Longford,0,computer_yes,internet_broadband,travel_car,leave_0830,time_60
819,Longford,1,computer_no,internet_broadband,travel_bus,leave_0800,time_60
820,Longford,1,computer_yes,internet_broadband,travel_bus,leave_0700,time_15
821,Longford,1,computer_no,internet_other,travel_car,leave_0830,time_30
822,Longford,1,computer_no,internet_broadband,travel_car,leave_0800,time_n/a
823,Longford,2,computer_yes,internet_broadband,travel_car,leave_0900,time_30
824,Longford,2,computer_yes,internet_broadband,travel_other,leave_0830,time_15
825,Longford,1,computer_yes,internet_no,travel_foot,leave_n/a,time_30
826,Longford,0,computer_no,internet_broadband,travel_car,leave_0730,time_n/a
827,Longford,3,computer_yes,internet_broadband,travel_car,leave_0930,time_n/a
828,Longford,0,computer_yes,internet_broadband,travel_car,leave_0830,time_60
829,Longford,1,computer_no,internet_broadband,travel_car,leave_0700,time_15
830,Longford,2,computer_yes,internet_broadband,travel_lift,leave_after_0930,time_30
831,Longford,1,computer_yes,internet_no,travel_car,leave_0900,time_30
832,Longford,1,computer_yes,internet_broadband,travel_lift,leave_0830,time_30
833,Longford,1,computer_yes,internet_broadband,travel_train,leave_0800,time_15
834,Longford,1,computer_yes,internet_other,travel_car,leave_0800,time_45
835,Longford,0,computer_yes,internet_other,travel_car,leave_0730,time_15
836,Longford,1,computer_yes,internet_no,travel_car,leave_0700,time_45
837,Longford,2,computer_yes,internet_broadband,travel_car,leave_0730,time_30
838,Longford,1,computer_yes,internet_broadband,travel_bicycle,leave_0730,time_30
839,Longford,0,computer_no,internet_no,travel_bus,leave_0900,time_45
840,Longford,1,computer_yes,internet_no,travel_lift,leave_0700,time_15
841,Longford,0,computer_yes,internet_broadband,travel_bicycle,leave_0830,time_30
842,Longford,2,computer_yes,internet_broadband,travel_foot,leave_0930,time_30
843,Longford,0,computer_yes,internet_no,travel_van,leave_0830,time_90
844,Longford,1,computer_yes,internet_no,travel_train,leave_0900,time_90
845,Longford,1,computer_yes,internet_broadband,travel_bus,leave_0900,time_90
846,Longford,1,computer_yes,internet_no,travel_car,leave_0900,time_15
847,Longford,0,computer_yes,internet_broadband,travel_bus,leave_0630,time_30
848,Longford,2,computer_yes,internet_broadband,travel_car,leave_0900,time_15
849,Longford,2,computer_yes,internet_broadband,travel_car,leave_0630,time_15
850,Longford,4,computer_yes,internet_n/a,travel_other,leave_0700,time_15
851,Longford,2,computer_yes,internet_broadband,travel_lift,leave_0830,time_15
852,Longford,2,computer_yes,internet_other,travel_bus,leave_0830,time_90
853,Longford,0,computer_yes,internet_broadband,travel_car,leave_after_0930,time_15
854,Longford,1,computer_yes,internet_no,travel_bicycle,leave_0630,time_30
855,Longford,2,computer_no,internet_broadband,travel_car,leave_after_0930,time_30
856,Longford,0,computer_yes,internet_no,travel_bicycle,leave_0900,time_30
857,Longford,2,computer_n/a,internet_broadband,travel_car,leave_0930,time_15
858,Longford,2,computer_yes,internet_broadband,travel_car,leave_n/a,time_90
859,Longford,1,computer_yes,internet_other,travel_bus,leave_0830,time_30
860,Longford,2,computer_no,internet_broadband,travel_car,leave_0730,time_n/a
861,Louth,1,computer_yes,internet_broadband,travel_car,leave_0800,time_90+
862,Louth,0,computer_yes,internet_other,travel_car,leave_0700,time_30
863,Louth,2,computer_yes,internet_broadband,travel_car,leave_0830,time_30
864,Louth,0,computer_no,internet_broadband,travel_bus,leave_0700,time_15
865,Louth,1,computer_yes,internet_broadband,travel_train,leave_0730,time_15
866,Louth,2,computer_no,internet_no,travel_other,leave_0800,time_30
867,Louth,2,computer_no,internet_no,travel_foot,leave_0700,time_45
868,Louth,0,computer_yes,internet_no,travel_car,leave_0830,time_45
869,Louth,0,computer_yes,internet_broadband,travel_car,leave_0730,time_90
870,Louth,2,computer_yes,internet_broadband,travel_car,leave_0930,time_30
871,Louth,1,computer_yes,internet_broadband,travel_foot,leave_0730,time_15
872,Louth,0,computer_yes,internet_broadband,travel_car,leave_after_0930,time_30
873,Louth,1,computer_yes,internet_broadband,travel_car,leave_0830,time_45
874,Louth,2,computer_yes,internet_no,travel_train,leave_0800,time_45
875,Louth,0,computer_yes,internet_other,travel_bus,leave_0930,time_15
876,Louth,0,computer_yes,internet_broadband,travel_lift,leave_0900,time_30
877,Louth,2,computer_yes,internet_broadband,travel_foot,leave_0800,time_15
878,Louth,0,computer_no,internet_broadband,travel_foot,leave_0830,time_15
879,Louth,1,computer_yes,internet_other,travel_foot,leave_0830,time_30
880,Louth,1,computer_yes,internet_n/a,travel_train,leave_0800,time_45
881,Louth,2,computer_yes,internet_broadband,travel_bus,leave_0730,time_15
882,Louth,1,computer_yes,internet_broadband,travel_foot,leave_0700,time_30
883,Louth,1,computer_yes,internet_no,travel_car,leave_0900,time_45
884,Louth,0,computer_yes,internet_other,travel_bus,leave_0700,time_90
885,Louth,0,computer_yes,internet_broadband,travel_other,leave_0900,time_15
886,Louth,3,computer_yes,internet_broadband,travel_foot,leave_after_0930,time_n/a
887,Louth,2,computer_yes,internet_no,travel_lift,leave_0830,time_15
888,Louth,1,computer_yes,internet_broadband,travel_bus,leave_0800,time_30
889,Louth,3,computer_yes,internet_other,travel_car,leave_0830,time_90
890,Louth,2,computer_yes,internet_broadband,travel_car,leave_0630,time_90
891,Louth,0,computer_yes,internet_no,travel_car,leave_0830,time_15
892,Louth,2,computer_yes,internet_broadband,travel_bus,leave_0800,time_30
893,Louth,0,computer_no,internet_no,travel_foot,leave_0930,time_30
894,Louth,1,computer_yes,internet_broadband,travel_van,leave_0700,time_90
895,Louth,1,computer_yes,internet_broadband,travel_car,leave_0830,time_30
896,Louth,2,computer_yes,internet_broadband,travel_car,leave_0830,time_15
897,Louth,2,computer_yes,internet_broadband,travel_car,leave_0930,time_30
898,Louth,1,computer_n/a,internet_broadband,travel_train,leave_0900,time_45
899,Louth,2,computer_yes,internet_broadband,travel_lift,leave_0830,time_45
900,Louth,2,computer_yes,internet_broadband,travel_foot,leave_0830,time_30
901,Louth,0,computer_yes,internet_no,travel_foot,leave_0930,time_90
902,Louth,2,computer_no,internet_broadband,travel_bus,leave_0700,time_45
903,Louth,1,computer_yes,internet_broadband,travel_car,leave_0900,time_30
904,Louth,1,computer_yes,internet_broadband,travel_car,leave_0830,time_15
905,Louth,1,computer_yes,internet_other,travel_train,leave_0830,time_90
906,Louth,3,computer_yes,internet_no,travel_bus,leave_0630,time_45
907,Louth,0,computer_yes,internet_other,travel_car,leave_0830,time_30
908,Louth,1,computer_yes,internet_broadband,travel_car,leave_0930,time_30
909,Louth,2,computer_no,internet_no,travel_car,leave_0830,time_15
910,Louth,2,computer_yes,internet_broadband,travel_other,leave_0800,time_n/a
911,Louth,1,computer_no,internet_no,travel_bus,leave_0700,time_30
912,Meath,1,computer_yes,internet_broadband,travel_bus,leave_0830,time_90
913,Meath,2,computer_yes,internet_broadband,travel_car,leave_0900,time_60
914,Meath,2,computer_n/a,internet_broadband,travel_car,leave_0830,time_30
915,Meath,1,computer_yes,internet_broadband,travel_foot,leave_0800,time_15
916,Meath,1,computer_yes,internet_n/a,travel_car,leave_0700,time_15
917,Meath,1,computer_yes,internet_broadband,travel_bus,leave_0800,time_30
918,Meath,1,computer_no,internet_broadband,travel_bus,leave_0830,time_15
919,Meath,0,computer_no,internet_broadband,travel_foot,leave_0930,time_30
920,Meath,2,computer_yes,internet_broadband,travel_lift,leave_0900,time_90+
921,Meath,1,computer_yes,internet_broadband,travel_car,leave_0830,time_45
922,Meath,0,computer_yes,internet_broadband,travel_lift,leave_0900,time_45
923,Meath,2,computer_no,internet_broadband,travel_car,leave_0800,time_15
924,Meath,0,computer_yes,internet_broadband,travel_car,leave_n/a,time_60
925,Meath,0,computer_yes,internet_broadband,travel_car,leave_0830,time_60
926,Meath,1,computer_yes,internet_broadband,travel_other,leave_0930,time_45
927,Meath,1,computer_yes,internet_no,travel_foot,leave_0930,time_15
928,Meath,1,computer_yes,internet_n/a,travel_car,leave_0830,time_90
929,Meath,1,computer_no,internet_broadband,travel_foot,leave_0830,time_15
930,Meath,2,computer_no,internet_broadband,travel_foot,leave_0730,time_45
931,Meath,1,computer_yes,internet_broadband,travel_foot,leave_0730,time_30
932,Meath,2,computer_yes,internet_broadband,travel_foot,leave_0830,time_30
933,Meath,1,computer_yes,internet_broadband,travel_lift,leave_0830,time_60
934,Meath,1,computer_no,internet_broadband,travel_van,leave_0800,time_45
935,Meath,2,computer_no,internet_broadband,travel_bicycle,leave_0830,time_30
936,Meath,2,computer_yes,internet_no,travel_other,leave_0900,time_45
937,Meath,1,computer_yes,internet_no,travel_lift,leave_0900,time_30
938,Meath,0,computer_yes,internet_broadband,travel_lift,leave_0800,time_15
939,Meath,1,computer_yes,internet_broadband,travel_foot,leave_0730,time_30
940,Meath,1,computer_no,internet_broadband,travel_bus,leave_0930,time_30
941,Meath,2,computer_yes,internet_broadband,travel_foot,leave_0800,time_30
942,Meath,1,computer_yes,internet_other,travel_car,leave_0830,time_n/a
943,Meath,2,computer_yes,internet_broadband,travel_foot,leave_0730,time_15
944,Meath,0,computer_no,internet_other,travel_lift,leave_0830,time_30
945,Meath,1,computer_yes,internet_broadband,travel_car,leave_0900,time_30
946,Meath,0,computer_yes,internet_broadband,travel_car,leave_0800,time_45
947,Meath,0,computer_yes,internet_broadband,travel_other,leave_0800,time_90+
948,Meath,0,computer_no,internet_no,travel_bicycle,leave_after_0930,time_15
949,Meath,2,computer_yes,internet_broadband,travel_bus,leave_0630,time_15
950,Meath,2,computer_yes,internet_no,travel_car,leave_after_0930,time_30
951,Meath,2,computer_yes,internet_broadband,travel_bicycle,leave_0900,time_60
952,Meath,0,computer_yes,internet_broadband,travel_car,leave_0930,time_45
953,Meath,2,computer_yes,internet_broadband,travel_bus,leave_0900,time_30
954,Meath,2,computer_yes,internet_broadband,travel_bus,leave_0830,time_30
955,Meath,1,computer_yes,internet_other,travel_car,leave_0900,time_30
956,Meath,2,computer_yes,internet_broadband,travel_car,leave_0830,time_60
957,Meath,1,computer_yes,internet_broadband,travel_van,leave_0630,time_30
958,Meath,4,computer_no,internet_broadband,travel_other,leave_0830,time_90
959,Meath,0,computer_yes,internet_broadband,travel_car,leave_0800,time_15
960,Meath,1,computer_yes,internet_broadband,travel_lift,leave_0830,time_n/a
961,Meath,2,computer_yes,internet_no,travel_foot,leave_0830,time_15
962,Meath,1,computer_no,internet_broadband,travel_foot,leave_0900,time_30
963,Meath,1,computer_n/a,internet_broadband,travel_car,leave_0630,time_30
964,Meath,1,computer_yes,internet_broadband,travel_train,leave_0730,time_30
965,Meath,1,computer_yes,internet_no,travel_car,leave_after_0930,time_30
966,Meath,1,computer_no,internet_broadband,travel_car,leave_0900,time_60
967,Meath,0,computer_no,internet_no,travel_car,leave_after_0930,time_45
968,Meath,1,computer_yes,internet_broadband,travel_car,leave_0730,time_45
969,Offaly,2,computer_yes,internet_broadband,travel_lift,leave_0830,time_15
970,Offaly,1,computer_yes,internet_broadband,travel_car,leave_0900,time_30
971,Offaly,1,computer_yes,internet_no,travel_foot,leave_0830,time_60
972,Offaly,0,computer_no,internet_broadband,travel_lift,leave_0930,time_15
973,Offaly,2,computer_yes,internet_broadband,travel_car,leave_0830,time_45
974,Offaly,3,computer_yes,internet_broadband,travel_lift,leave_0630,time_30
975,Offaly,2,computer_yes,internet_broadband,travel_bus,leave_0800,time_15
976,Offaly,0,computer_yes,internet_other,travel_car,leave_0900,time_90+
977,Offaly,1,computer_yes,internet_broadband,travel_car,leave_0800,time_30
978,Offaly,2,computer_no,internet_broadband,travel_car,leave_after_0930,time_n/a
979,Offaly,2,computer_no,internet_broadband,travel_foot,leave_0800,time_30
980,Offaly,1,computer_no,internet_no,travel_car,leave_0830,time_90
981,Offaly,2,computer_no,internet_other,travel_car,leave_0830,time_90+
982,Offaly,2,computer_yes,internet_other,travel_car,leave_0800,time_90
983,Offaly,0,computer_yes,internet_broadband,travel_car,leave_0730,time_15
984,Offaly,0,computer_yes,internet_broadband,travel_car,leave_0830,time_60
985,Offaly,2,computer_no,internet_broadband,travel_foot,leave_0900,time_15
986,Offaly,2,computer_yes,internet_no,travel_foot,leave_0700,time_15
987,Offaly,2,computer_yes,internet_broadband,travel_car,leave_n/a,time_15
988,Offaly,1,computer_yes,internet_broadband,travel_van,leave_after_0930,time_30
989,Offaly,0,computer_yes,internet_broadband,travel_other,leave_0900,time_30
990,Offaly,1,computer_yes,internet_broadband,travel_foot,leave_0930,time_45
991,Offaly,1,computer_yes,internet_other,travel_bicycle,leave_0900,time_30
992,Offaly,1,computer_n/a,internet_broadband,travel_other,leave_0630,time_15
993,Offaly,1,computer_no,internet_broadband,travel_train,leave_0800,time_90
994,Offaly,2,computer_yes,internet_broadband,travel_car,leave_0900,time_45
995,Offaly,1,computer_yes,internet_broadband,travel_lift,leave_0900,time_60
996,Offaly,2,computer_yes,internet_broadband,travel_lift,leave_0830,time_45
997,Offaly,1,computer_yes,internet_broadband,travel_foot,leave_0830,time_30
998,Offaly,2,computer_yes,internet_broadband,travel_foot,leave_0700,time_15
999,Offaly,1,computer_yes,internet_broadband,travel_car,leave_0900,time_30
1000,Offaly,2,computer_no,internet_broadband,travel_train,leave_n/a,time_30
1001,Offaly,1,computer_yes,internet_broadband,travel_bus,leave_after_0930,time_45
1002,Offaly,1,computer_yes,internet_broadband,travel_bicycle,leave_0800,time_15
1003,Offaly,1,computer_no,internet_broadband,travel_lift,leave_0800,time_45
1004,Offaly,2,computer_n/a,internet_no,travel_car,leave_0830,time_n/a
1005,Offaly,2,computer_yes,internet_other,travel_car,leave_0630,time_30
1006,Offaly,3,computer_yes,internet_broadband,travel_car,leave_0830,time_15
1007,Offaly,1,computer_no,internet_broadband,travel_lift,leave_0730,time_30
1008,Offaly,2,computer_yes,internet_broadband,travel_other,leave_0900,time_30
1009,Offaly,2,computer_yes,internet_no,travel_lift,leave_0900,time_30
1010,Offaly,0,computer_yes,internet_broadband,travel_bus,leave_after_0930,time_30
1011,Offaly,1,computer_yes,internet_no,travel_foot,leave_0730,time_15
1012,Offaly,3,computer_yes,internet_no,travel_car,leave_0930,time_90
1013,Offaly,1,computer_yes,internet_broadband,travel_foot,leave_0630,time_60
1014,Offaly,2,computer_yes,internet_broadband,travel_other,leave_0730,time_15
1015,Offaly,1,computer_no,internet_broadband,travel_foot,leave_0830,time_45
1016,Offaly,1,computer_yes,internet_no,travel_car,leave_0730,time_90
1017,Offaly,1,computer_yes,internet_broadband,travel_foot,leave_0830,time_15
1018,Offaly,1,computer_no,internet_other,travel_car,leave_0630,time_15
1019,Offaly,1,computer_no,internet_no,travel_bus,leave_0830,time_15
1020,Offaly,2,computer_yes,internet_broadband,travel_bicycle,leave_0800,time_15
1021,Offaly,2,computer_yes,internet_broadband,travel_car,leave_0900,time_15
1022,Offaly,2,computer_yes,internet_no,travel_bicycle,leave_0830,time_90
1023,Offaly,1,computer_yes,internet_other,travel_foot,leave_0830,time_45
1024,Offaly,1,computer_no,internet_broadband,travel_train,leave_0900,time_30
1025,Offaly,0,computer_no,internet_no,travel_foot,leave_0830,time_15
1026,Offaly,2,computer_no,internet_broadband,travel_car,leave_0900,time_30
1027,Westmeath,2,computer_no,internet_broadband,travel_car,leave_0800,time_15
1028,Westmeath,0,computer_yes,internet_no,travel_bus,leave_0830,time_15
1029,Westmeath,1,computer_yes,internet_broadband,travel_foot,leave_0900,time_15
1030,Westmeath,0,computer_yes,internet_broadband,travel_bus,leave_0930,time_30
1031,Westmeath,2,computer_yes,internet_broadband,travel_lift,leave_0730,time_30
1032,Westmeath,0,computer_yes,internet_broadband,travel_van,leave_0900,time_30
1033,Westmeath,1,computer_yes,internet_broadband,travel_foot,leave_0800,time_15
1034,Westmeath,2,computer_yes,internet_n/a,travel_car,leave_n/a,time_15
1035,Westmeath,2,computer_yes,internet_other,travel_other,leave_0730,time_15
1036,Westmeath,2,computer_yes,internet_broadband,travel_lift,leave_0900,time_60
1037,Westmeath,1,computer_yes,internet_broadband,travel_car,leave_0900,time_30
1038,Westmeath,0,computer_yes,internet_broadband,travel_car,leave_0800,time_30
1039,Westmeath,2,computer_yes,internet_broadband,travel_car,leave_0800,time_45
1040,Westmeath,4,computer_yes,internet_n/a,travel_car,leave_0830,time_15
1041,Westmeath,1,computer_yes,internet_other,travel_car,leave_0900,time_90+
1042,Westmeath,2,computer_yes,internet_no,travel_foot,leave_0730,time_15
1043,Westmeath,1,computer_yes,internet_no,travel_car,leave_0830,time_15
1044,Westmeath,1,computer_no,internet_n/a,travel_bus,leave_0900,time_45
1045,Westmeath,0,computer_yes,internet_no,travel_other,leave_0700,time_15
1046,Westmeath,2,computer_yes,internet_no,travel_bicycle,leave_0900,time_45
1047,Westmeath,1,computer_no,internet_broadband,travel_van,leave_0900,time_30
1048,Westmeath,1,computer_yes,internet_broadband,travel_train,leave_0900,time_30
1049,Westmeath,0,computer_yes,internet_broadband,travel_bus,leave_0900,time_45
1050,Westmeath,0,computer_yes,internet_broadband,travel_foot,leave_0900,time_30
1051,Westmeath,1,computer_yes,internet_no,travel_car,leave_0800,time_30
1052,Westmeath,1,computer_yes,internet_broadband,travel_car,leave_0900,time_45
1053,Westmeath,1,computer_yes,internet_broadband,travel_foot,leave_0830,time_15
1054,Westmeath,4,computer_yes,internet_broadband,travel_foot,leave_0730,time_90
1055,Westmeath,0,computer_yes,internet_no,travel_motorcycle,leave_0830,time_60
1056,Westmeath,1,computer_yes,internet_broadband,travel_foot,leave_0700,time_90
1057,Westmeath,1,computer_yes,internet_no,travel_van,leave_0800,time_30
1058,Westmeath,0,computer_yes,internet_broadband,travel_van,leave_0930,time_15
1059,Westmeath,1,computer_yes,internet_broadband,travel_car,leave_0800,time_15
1060,Westmeath,3,computer_no,internet_broadband,travel_foot,leave_0830,time_90
1061,Westmeath,1,computer_no,internet_broadband,travel_train,leave_0900,time_30
1062,Westmeath,1,computer_yes,internet_no,travel_other,leave_0800,time_90+
1063,Westmeath,3,computer_yes,internet_n/a,travel_foot,leave_0630,time_45
1064,Westmeath,0,computer_yes,internet_broadband,travel_car,leave_0900,time_30
1065,Westmeath,3,computer_yes,internet_broadband,travel_bus,leave_0830,time_30
1066,Westmeath,1,computer_no,internet_broadband,travel_foot,leave_0830,time_15
1067,Westmeath,1,computer_yes,internet_no,travel_train,leave_0930,time_60
1068,Westmeath,2,computer_yes,internet_no,travel_lift,leave_0830,time_45
1069,Westmeath,1,computer_yes,internet_broadband,travel_lift,leave_0800,time_45
1070,Westmeath,1,computer_no,internet_broadband,travel_lift,leave_0800,time_45
1071,Westmeath,1,computer_no,internet_broadband,travel_other,leave_0900,time_15
1072,Westmeath,1,computer_no,internet_broadband,travel_bus,leave_0900,time_90
1073,Westmeath,2,computer_yes,internet_broadband,travel_motorcycle,leave_after_0930,time_90+
1074,Westmeath,1,computer_no,internet_broadband,travel_foot,leave_0830,time_15
1075,Westmeath,1,computer_yes,internet_no,travel_foot,leave_0930,time_60
1076,Westmeath,1,computer_yes,internet_no,travel_foot,leave_0830,time_n/a
1077,Westmeath,4,computer_yes,internet_broadband,travel_car,leave_0800,time_30
1078,Westmeath,1,computer_no,internet_broadband,travel_car,leave_n/a,time_30
1079,Westmeath,2,computer_no,internet_no,travel_lift,leave_0900,time_30
1080,Westmeath,2,computer_yes,internet_n/a,travel_car,leave_0930,time_15
1081,Westmeath,1,computer_no,internet_no,travel_foot,leave_0900,time_45
1082,Westmeath,0,computer_yes,internet_broadband,travel_bus,leave_0830,time_30
1083,Westmeath,1,computer_yes,internet_no,travel_foot,leave_0930,time_60
1084,Westmeath,3,computer_yes,internet_broadband,travel_car,leave_n/a,time_60
1085,Westmeath,2,computer_n/a,internet_no,travel_other,leave_0700,time_15
1086,Westmeath,0,computer_yes,internet_no,travel_car,leave_0900,time_45
1087,Wexford,0,computer_yes,internet_broadband,travel_foot,leave_0830,time_30
1088,Wexford,1,computer_yes,internet_broadband,travel_car,leave_0900,time_15
1089,Wexford,1,computer_yes,internet_no,travel_car,leave_0730,time_30
1090,Wexford,1,computer_yes,internet_broadband,travel_lift,leave_0800,time_15
1091,Wexford,0,computer_yes,internet_broadband,travel_bus,leave_after_0930,time_90
1092,Wexford,2,computer_yes,internet_other,travel_bus,leave_0930,time_45
1093,Wexford,1,computer_n/a,internet_broadband,travel_car,leave_0630,time_30
1094,Wexford,2,computer_yes,internet_n/a,travel_car,leave_0800,time_90
1095,Wexford,1,computer_no,internet_other,travel_other,leave_0830,time_15
1096,Wexford,2,computer_yes,internet_broadband,travel_foot,leave_0830,time_n/a
1097,Wexford,2,computer_yes,internet_other,travel_car,leave_0630,time_15
1098,Wexford,2,computer_yes,internet_broadband,travel_car,leave_0900,time_30
1099,Wexford,0,computer_yes,internet_broadband,travel_car,leave_n/a,time_90
1100,Wexford,0,computer_yes,internet_broadband,travel_lift,leave_0900,time_30
1101,Wexford,2,computer_no,internet_broadband,travel_lift,leave_0900,time_30
1102,Wexford,1,computer_yes,internet_broadband,travel_car,leave_0830,time_30
1103,Wexford,4,computer_no,internet_no,travel_foot,leave_0730,time_15
1104,Wexford,1,computer_yes,internet_broadband,travel_car,leave_0830,time_45
1105,Wexford,0,computer_yes,internet_broadband,travel_foot,leave_0830,time_30
1106,Wexford,0,computer_yes,internet_broadband,travel_car,leave_0930,time_15
1107,Wexford,1,computer_no,internet_broadband,travel_lift,leave_0900,time_15
1108,Wexford,1,computer_yes,internet_no,travel_van,leave_0900,time_15
1109,Wexford,1,computer_no,internet_broadband,travel_foot,leave_0730,time_15
1110,Wexford,2,computer_no,internet_no,travel_foot,leave_0830,time_30
1111,Wexford,2,computer_no,internet_no,travel_foot,leave_0830,time_30
1112,Wexford,1,computer_yes,internet_n/a,travel_foot,leave_0900,time_n/a
1113,Wexford,1,computer_yes,internet_broadband,travel_foot,leave_0900,time_30
1114,Wexford,1,computer_no,internet_no,travel_bus,leave_0900,time_45
1115,Wexford,2,computer_yes,internet_no,travel_foot,leave_0730,time_90
1116,Wexford,3,computer_yes,internet_no,travel_foot,leave_0800,time_45
1117,Wexford,2,computer_yes,internet_broadband,travel_foot,leave_0930,time_45
1118,Wexford,1,computer_yes,internet_broadband,travel_lift,leave_0900,time_15
1119,Wexford,1,computer_yes,internet_broadband,travel_bus,leave_0900,time_45
1120,Wexford,1,computer_yes,internet_broadband,travel_car,leave_n/a,time_30
1121,Wexford,2,computer_yes,internet_broadband,travel_foot,leave_0830,time_15
1122,Wexford,1,computer_yes,internet_broadband,travel_foot,leave_0930,time_45
1123,Wexford,0,computer_yes,internet_broadband,travel_foot,leave_0900,time_n/a
1124,Wexford,1,computer_yes,internet_n/a,travel_car,leave_0800,time_15
1125,Wexford,0,computer_n/a,internet_broadband,travel_foot,leave_0830,time_15
1126,Wexford,2,computer_yes,internet_broadband,travel_lift,leave_0700,time_30
1127,Wexford,1,computer_yes,internet_broadband,travel_train,leave_0930,time_30
1128,Wexford,0,computer_yes,internet_broadband,travel_foot,leave_0800,time_30
1129,Wexford,1,computer_yes,internet_broadband,travel_lift,leave_0700,time_45
1130,Wexford,2,computer_yes,internet_broadband,travel_other,leave_0800,time_45
1131,Wexford,2,computer_yes,internet_broadband,travel_other,leave_0900,time_60
1132,Wexford,2,computer_no,internet_other,travel_train,leave_0830,time_90
1133,Wicklow,1,computer_yes,internet_broadband,travel_foot,leave_0830,time_n/a
1134,Wicklow,2,computer_no,internet_no,travel_train,leave_0700,time_45
1135,Wicklow,2,computer_no,internet_no,travel_bus,leave_0900,time_15
1136,Wicklow,2,computer_no,internet_no,travel_train,leave_0830,time_30
1137,Wicklow,0,computer_yes,internet_broadband,travel_other,leave_after_0930,time_n/a
1138,Wicklow,0,computer_no,internet_other,travel_bicycle,leave_0700,time_n/a
1139,Wicklow,2,computer_yes,internet_no,travel_lift,leave_0900,time_60
1140,Wicklow,1,computer_yes,internet_no,travel_car,leave_0830,time_30
1141,Wicklow,4,computer_no,internet_no,travel_bicycle,leave_0830,time_45
1142,Wicklow,1,computer_yes,internet_broadband,travel_car,leave_n/a,time_30
1143,Wicklow,2,computer_no,internet_other,travel_foot,leave_0900,time_45
1144,Wicklow,1,computer_yes,internet_broadband,travel_car,leave_0730,time_30
1145,Wicklow,0,computer_no,internet_broadband,travel_van,leave_0900,time_45
1146,Wicklow,1,computer_yes,internet_broadband,travel_train,leave_0800,time_60
1147,Wicklow,1,computer_yes,internet_broadband,travel_foot,leave_0630,time_60
1148,Wicklow,2,computer_yes,internet_broadband,travel_foot,leave_0730,time_30
1149,Wicklow,3,computer_yes,internet_no,travel_bus,leave_0900,time_15
1150,Wicklow,4,computer_yes,internet_other,travel_foot,leave_0830,time_90+
1151,Wicklow,2,computer_yes,internet_no,travel_van,leave_n/a,time_15
1152,Wicklow,2,computer_yes,internet_broadband,travel_car,leave_0900,time_15
1153,Wicklow,0,computer_yes,internet_broadband,travel_train,leave_n/a,time_45
1154,Wicklow,1,computer_no,internet_broadband,travel_car,leave_0830,time_30
1155,Wicklow,1,computer_yes,internet_no,travel_car,leave_0700,time_15
1156,Wicklow,2,computer_no,internet_broadband,travel_foot,leave_0630,time_n/a
1157,Wicklow,0,computer_yes,internet_no,travel_car,leave_0900,time_45
1158,Wicklow,1,computer_yes,internet_broadband,travel_car,leave_0800,time_45
1159,Wicklow,1,computer_yes,internet_no,travel_foot,leave_0800,time_60
1160,Wicklow,1,computer_no,internet_no,travel_other,leave_0700,time_60
1161,Wicklow,0,computer_no,internet_broadband,travel_lift,leave_0730,time_45
1162,Wicklow,0,computer_yes,internet_no,travel_car,leave_0830,time_15
1163,Wicklow,1,computer_yes,internet_broadband,travel_car,leave_0630,time_45
1164,Wicklow,2,computer_no,internet_broadband,travel_foot,leave_0800,time_30
1165,Wicklow,1,computer_yes,internet_broadband,travel_foot,leave_0830,time_15
1166,Wicklow,1,computer_yes,internet_broadband,travel_bicycle,leave_0900,time_90
1167,Wicklow,2,computer_no,internet_broadband,travel_train,leave_n/a,time_15
1168,Wicklow,1,computer_yes,internet_broadband,travel_car,leave_0730,time_n/a
1169,Wicklow,1,computer_yes,internet_no,travel_car,leave_0830,time_15
1170,Wicklow,0,computer_yes,internet_other,travel_foot,leave_0830,time_15
1171,Wicklow,1,computer_yes,internet_no,travel_bus,leave_0930,time_90
1172,Wicklow,2,computer_yes,internet_broadband,travel_bus,leave_0900,time_15
1173,Wicklow,1,computer_yes,internet_broadband,travel_car,leave_0900,time_15
1174,Wicklow,0,computer_yes,internet_broadband,travel_car,leave_0800,time_15
1175,Wicklow,2,computer_yes,internet_broadband,travel_car,leave_0830,time_30
1176,Wicklow,2,computer_no,internet_broadband,travel_car,leave_0700,time_90
1177,Wicklow,4,computer_yes,internet_broadband,travel_car,leave_0800,time_15
1178,Wicklow,1,computer_yes,internet_broadband,travel_foot,leave_after_0930,time_n/a
1179,Wicklow,0,computer_yes,internet_broadband,travel_motorcycle,leave_0900,time_15
1180,Wicklow,2,computer_no,internet_other,travel_car,leave_0900,time_45
1181,Wicklow,2,computer_n/a,internet_broadband,travel_other,leave_0730,time_30
1182,Wicklow,1,computer_no,internet_broadband,travel_van,leave_0930,time_30
1183,Wicklow,0,computer_yes,internet_broadband,travel_car,leave_0830,time_60
1184,Wicklow,2,computer_no,internet_broadband,travel_foot,leave_0830,time_15
1185,Wicklow,2,computer_no,internet_no,travel_car,leave_0900,time_90
1186,Wicklow,2,computer_yes,internet_broadband,travel_car,leave_n/a,time_30
1187,Wicklow,2,computer_yes,internet_broadband,travel_bicycle,leave_0800,time_n/a
1188,Wicklow,0,computer_yes,internet_broadband,travel_bus,leave_0830,time_45
1189,Wicklow,1,computer_no,internet_broadband,travel_lift,leave_0900,time_60
1190,Wicklow,1,computer_yes,internet_broadband,travel_foot,leave_0900,time_n/a
1191,Wicklow,1,computer_yes,internet_broadband,travel_bus,leave_0800,time_15
1192,Wicklow,2,computer_no,internet_broadband,travel_bus,leave_0830,time_30
1193,Wicklow,2,computer_yes,internet_broadband,travel_lift,leave_0830,time_15
1194,Wicklow,3,computer_yes,internet_broadband,travel_lift,leave_0900,time_30
1195,Wicklow,2,computer_no,internet_no,travel_bus,leave_0930,time_30
1196,Wicklow,0,computer_yes,internet_broadband,travel_car,leave_0830,time_15
1197,Wicklow,2,computer_yes,internet_other,travel_car,leave_0800,time_60
1198,Wicklow,3,computer_yes,internet_broadband,travel_foot,leave_0900,time_15
1199,Wicklow,2,computer_yes,internet_broadband,travel_lift,leave_0800,time_30
